Langue;Mot;Traduction;Statut;Frequence
nl;aardig;aimable / gentil;Prioritaire;4.77
nl;absoluut;absolu / absolument;Standard;4.8
nl;actueel;actuel;Prioritaire;4.11
nl;algemeen;général;Prioritaire;5.15
nl;ander;autre;Prioritaire;5.37
nl;arm;pauvre;Prioritaire;4.67
nl;bang;peureux / effrayé;Prioritaire;5.18
nl;basis;de base;Standard;5.17
nl;bekend;connu;Prioritaire;5.49
nl;belangrijk;important;Prioritaire;5.34
nl;beleefd;poli;Standard;4.0
nl;benieuwd;curieux (de savoir);Standard;4.54
nl;bepaald;déterminé / certain;Prioritaire;4.86
nl;bereid;prêt / disposé;Prioritaire;4.69
nl;beroemd;célèbre;Standard;4.13
nl;beschikbaar;disponible;Prioritaire;5.01
nl;best;meilleur;Prioritaire;5.41
nl;betrokken;impliqué / concerné;Prioritaire;5.01
nl;bezig;occupé;Prioritaire;5.31
nl;bijzonder;particulier / spécial;Prioritaire;4.99
nl;blauw;bleu;Standard;4.73
nl;blij;content;Prioritaire;5.34
nl;blind;aveugle;Standard;4.35
nl;breed;large;Prioritaire;4.55
nl;bruin;brun / marron;Standard;4.42
nl;buitenlands;étranger;Prioritaire;3.68
nl;commercieel;commercial;Standard;4.27
nl;compleet;complet;Standard;4.68
nl;concreet;concret;Standard;3.9
nl;continu;continu;Standard;4.01
nl;cultureel;culturel;Prioritaire;4.27
nl;dagelijks;quotidien;Prioritaire;4.89
nl;diep;profond;Prioritaire;4.76
nl;dicht;fermé / dense;Prioritaire;5.05
nl;dik;gros / épais;Prioritaire;4.59
nl;divers;divers;Standard;3.95
nl;dom;bête;Standard;4.67
nl;donker;sombre / foncé;Prioritaire;4.53
nl;doof;sourd;Standard;3.72
nl;doeltreffend;efficace;Standard;3.37
nl;dood;mort;Prioritaire;5.57
nl;droog;sec;Prioritaire;4.51
nl;druk;animé / occupé;Prioritaire;5.34
nl;dubbel;double;Prioritaire;4.5
nl;duidelijk;clair / distinct;Prioritaire;5.36
nl;duur;cher;Prioritaire;4.71
nl;echt;vrai / véritable;Prioritaire;6.01
nl;economisch;économique;Prioritaire;4.36
nl;éénvoudig;simple;Prioritaire;0.0
nl;eigen;propre (à soi);Prioritaire;5.81
nl;enig;seul / unique / chouette;Prioritaire;4.55
nl;enthousiast;enthousiaste;Standard;4.5
nl;erg;grave / très;Prioritaire;5.71
nl;ernstig;sérieux;Prioritaire;4.57
nl;even;égal;Prioritaire;5.85
nl;eventueel;éventuel;Prioritaire;4.14
nl;exclusief;exclusif;Standard;4.15
nl;extern;externe;Standard;3.36
nl;extra;supplémentaire;Prioritaire;5.16
nl;fijn;fin / agréable;Prioritaire;5.09
nl;financieel;financier;Prioritaire;4.47
nl;fysiek;physique;Standard;4.25
nl;geel;jaune;Standard;4.54
nl;geheel;entier;Prioritaire;5.03
nl;gek;fou;Standard;5.13
nl;gelukkig;heureux;Prioritaire;5.23
nl;gemakkelijk;facile;Prioritaire;4.69
nl;gemiddeld;moyen;Prioritaire;4.55
nl;genoeg;assez;Prioritaire;5.49
nl;gerust;rassuré / tranquille;Prioritaire;4.45
nl;gevoelig;sensible;Prioritaire;4.32
nl;gevaarlijk;dangereux;Prioritaire;4.63
nl;gezellig;convivial / agréable;Prioritaire;4.64
nl;gezond;sain / en bonne santé;Prioritaire;4.71
nl;goed;bon / bien;Prioritaire;6.2
nl;goedkoop;bon marché;Prioritaire;4.43
nl;groot;grand;Prioritaire;5.59
nl;groen;vert;Standard;4.82
nl;gunstig;favorable;Prioritaire;4.0
nl;half;demi;Prioritaire;5.05
nl;hard;dur / fort / vite;Prioritaire;5.15
nl;heet;très chaud;Standard;5.02
nl;helder;clair / limpide;Prioritaire;4.5
nl;hele;tout / entier;Prioritaire;5.79
nl;hoog;haut;Prioritaire;5.04
nl;huidig;actuel;Prioritaire;3.75
nl;ieder;chaque;Prioritaire;5.2
nl;internationaal;international;Prioritaire;4.77
nl;jammer;dommage;Prioritaire;4.85
nl;jong;jeune;Prioritaire;5.01
nl;juist;juste / correct;Prioritaire;5.26
nl;kalm;calme;Standard;3.9
nl;kapot;cassé;Standard;4.7
nl;kenmerkend;caractéristique;Standard;3.88
nl;klaar;prêt / fini;Prioritaire;5.51
nl;klein;petit;Prioritaire;5.3
nl;kleurrijk;coloré;Standard;3.64
nl;knap;beau / intelligent;Standard;4.47
nl;kort;court;Prioritaire;5.16
nl;koud;froid;Prioritaire;4.72
nl;krachtig;puissant;Prioritaire;4.23
nl;kwalitatief;qualitatif;Standard;3.57
nl;kwijt;perdu (égaré);Standard;4.93
nl;laag;bas;Prioritaire;4.77
nl;laat;tard;Prioritaire;5.84
nl;lang;long;Prioritaire;5.65
nl;langzaam;lent;Prioritaire;4.73
nl;lastig;pénible / difficile;Prioritaire;4.81
nl;leeg;vide;Prioritaire;4.67
nl;lelijk;laid;Standard;4.17
nl;leuk;chouette / amusant;Prioritaire;5.6
nl;lief;gentil / cher;Prioritaire;4.76
nl;licht;léger / clair;Prioritaire;5.11
nl;linker;gauche;Prioritaire;4.05
nl;links;à gauche;Prioritaire;5.15
nl;lokaal;local;Standard;4.36
nl;los;détaché / libre;Prioritaire;5.13
nl;maatschappelijk;social;Prioritaire;4.23
nl;makkelijk;facile;Prioritaire;4.99
nl;maximaal;maximal;Standard;4.46
nl;menselijk;humain;Prioritaire;4.42
nl;meteen;immédiat;Prioritaire;5.22
nl;milieu;environnemental;Prioritaire;4.65
nl;minder;moins;Prioritaire;5.5
nl;minimaal;minimal;Standard;4.35
nl;moeilijk;difficile;Prioritaire;5.32
nl;mooi;beau;Prioritaire;5.58
nl;moe;fatigué;Standard;4.64
nl;naakt;nu;Standard;4.36
nl;nabij;proche;Prioritaire;4.51
nl;nat;mouillé;Prioritaire;4.41
nl;natuurlijk;naturel;Prioritaire;5.59
nl;nauw;étroit / précis;Prioritaire;4.16
nl;net;propre / net;Prioritaire;5.86
nl;netjes;soigné;Standard;4.54
nl;nieuw;nouveau;Prioritaire;5.51
nl;nodig;nécessaire;Prioritaire;5.73
nl;normaal;normal;Prioritaire;5.09
nl;nuttig;utile;Prioritaire;4.29
nl;officieel;officiel;Prioritaire;4.85
nl;onbekend;inconnu;Standard;4.36
nl;onderling;mutuel / entre soi;Prioritaire;4.14
nl;onlangs;récemment;Prioritaire;4.55
nl;onmiddellijk;immédiat;Prioritaire;4.61
nl;onmogelijk;impossible;Prioritaire;4.65
nl;onrustig;inquiet / agité;Standard;3.5
nl;ontzettend;terrible / énormément;Standard;4.68
nl;onverwacht;inattendu;Prioritaire;4.07
nl;oorlog;de guerre;Prioritaire;5.29
nl;open;ouvert;Prioritaire;5.5
nl;openbaar;public;Prioritaire;4.85
nl;opvallend;frappant / remarquable;Prioritaire;4.41
nl;oud;vieux / ancien;Prioritaire;5.34
nl;overig;restant / autre;Prioritaire;3.73
nl;overmorgen;après-demain;Standard;3.43
nl;pas;seulement / à peine;Prioritaire;5.45
nl;passend;adéquat / convenable;Standard;3.82
nl;persoonlijk;personnel;Prioritaire;4.9
nl;plots;soudain;Prioritaire;4.15
nl;politiek;politique;Prioritaire;5.17
nl;populair;populaire;Standard;4.65
nl;positief;positif;Prioritaire;4.69
nl;precies;précis / exactement;Prioritaire;5.34
nl;prettig;agréable;Standard;4.28
nl;prima;excellent / parfait;Standard;5.1
nl;privé;privé;Standard;4.57
nl;procent;pour cent;Prioritaire;4.97
nl;professioneel;professionnel;Standard;4.39
nl;raar;bizarre;Standard;4.68
nl;recenter;plus récent;Standard;2.72
nl;recht;droit;Prioritaire;5.29
nl;rechtstreeks;direct / directement;Prioritaire;4.41
nl;regelmatig;régulier;Prioritaire;4.88
nl;rijk;riche;Prioritaire;4.86
nl;rood;rouge;Standard;4.84
nl;rond;rond / environ;Prioritaire;5.56
nl;ruim;large / vaste / plus de;Prioritaire;5.05
nl;rustig;calme / tranquille;Prioritaire;5.0
nl;samen;ensemble;Prioritaire;5.75
nl;schoon;propre / beau;Standard;4.69
nl;snel;rapide / vite;Prioritaire;5.74
nl;sommige;certains;Prioritaire;5.33
nl;sociaal;social;Prioritaire;4.8
nl;spannend;captivant / passionnant;Standard;4.43
nl;speciaal;spécial;Prioritaire;4.92
nl;strak;serré / raide;Standard;4.17
nl;streng;sévère;Standard;4.12
nl;talloze;innombrables;Standard;4.26
nl;tegen;contre;Prioritaire;6.11
nl;tegenwoordig;actuel / de nos jours;Prioritaire;5.06
nl;tenminste;au moins;Prioritaire;4.69
nl;tenslotte;enfin / finalement;Prioritaire;4.34
nl;terecht;à juste titre;Prioritaire;4.95
nl;tevreden;content / satisfait;Prioritaire;4.66
nl;thuis;à la maison;Prioritaire;5.48
nl;toch;pourtant / quand même;Prioritaire;6.0
nl;toekomstig;futur;Prioritaire;3.49
nl;toevallig;par hasard;Prioritaire;4.56
nl;totaal;total;Prioritaire;5.12
nl;trouw;fidèle;Standard;4.56
nl;tussen;entre;Prioritaire;5.9
nl;uiterst;extrême / extrêmement;Prioritaire;4.27
nl;uitstekend;excellent;Prioritaire;4.42
nl;vaak;souvent;Prioritaire;5.6
nl;vast;fixe / solide;Prioritaire;5.43
nl;veilig;sûr / en sécurité;Prioritaire;5.12
nl;veel;beaucoup;Prioritaire;6.26
nl;ver;loin;Prioritaire;5.15
nl;verantwoordelijk;responsable;Prioritaire;4.88
nl;verkeerd;mauvais / trompeur;Prioritaire;4.84
nl;verleden;passé;Prioritaire;4.93
nl;verplicht;obligatoire;Prioritaire;4.64
nl;verschillend;différent;Prioritaire;4.13
nl;verstandig;raisonnable / sage;Prioritaire;4.26
nl;vervolgens;ensuite;Prioritaire;5.24
nl;vies;sale;Standard;4.16
nl;vlug;rapide / vite;Standard;3.88
nl;vol;plein;Prioritaire;5.34
nl;voldoende;suffisant;Prioritaire;4.74
nl;volgend;suivant;Prioritaire;4.5
nl;volledig;complet / complètement;Prioritaire;5.08
nl;voor;pour / devant;Prioritaire;7.05
nl;vooral;surtout;Prioritaire;5.61
nl;voorlopig;provisoire;Prioritaire;4.51
nl;voormalig;ancien / ex-;Standard;4.79
nl;voorzichtig;prudent;Prioritaire;4.42
nl;vorig;précédent;Prioritaire;4.95
nl;vrij;libre / assez;Prioritaire;5.42
nl;vreemd;étrange / étranger;Prioritaire;4.76
nl;vriendelijk;amical / aimable;Prioritaire;4.53
nl;vroeg;tôt;Prioritaire;5.35
nl;vrolijk;joyeux;Standard;4.43
nl;waar;vrai;Prioritaire;6.21
nl;waarschijnlijk;probable / sans doute;Prioritaire;5.24
nl;wakker;éveillé;Standard;5.06
nl;warm;chaud;Prioritaire;4.86
nl;weinig;peu;Prioritaire;5.35
nl;werkelijk;réel / vraiment;Prioritaire;4.71
nl;wetenschappelijk;scientifique;Prioritaire;4.41
nl;wijs;sage;Standard;4.16
nl;wild;sauvage;Standard;4.48
nl;wit;blanc;Standard;5.0
nl;woedend;furieux;Standard;3.93
nl;zakelijk;professionnel / d'affaires;Standard;4.19
nl;zacht;doux;Prioritaire;4.4
nl;zeker;sûr / certain;Prioritaire;5.69
nl;zelfde;même;Prioritaire;4.39
nl;ziek;malade;Prioritaire;4.86
nl;zo;ainsi / si;Prioritaire;6.43
nl;zoals;comme;Prioritaire;5.97
nl;zoet;sucré / doux;Standard;4.19
nl;zojuist;à l'instant;Standard;4.42
nl;zorgvuldig;soigneusement;Standard;4.0
nl;zover;jusque là;Standard;4.87
nl;zwaar;lourd;Prioritaire;4.91
nl;zwart;noir;Standard;5.0
nl;zwak;faible;Prioritaire;4.45
