id;fr;nl;freq
THEME_COMPTABILITE_0;la facture;de factuur;5.2
THEME_COMPTABILITE_1;le paiement;de betaling;5.1
THEME_COMPTABILITE_2;la TVA;de btw;5.0
THEME_COMPTABILITE_3;le bilan;de balans;4.9
THEME_COMPTABILITE_4;le solde;het saldo;4.8
THEME_COMPTABILITE_5;le compte de résultat;de resultatenrekening;4.7
THEME_COMPTABILITE_6;la comptabilité;de boekhouding;4.7
THEME_COMPTABILITE_7;l'écriture comptable;de boeking;4.6
THEME_COMPTABILITE_8;le salaire brut;het brutoloon;4.6
THEME_COMPTABILITE_9;le salaire net;het nettoloon;4.5
THEME_COMPTABILITE_10;l'exercice comptable;het boekjaar;4.5
THEME_COMPTABILITE_11;la déclaration fiscale;de belastingaangifte;4.4
THEME_COMPTABILITE_12;le grand livre;het grootboek;4.3
THEME_COMPTABILITE_13;le journal comptable;het journaal;4.3
THEME_COMPTABILITE_14;le débit;het debet;4.2
THEME_COMPTABILITE_15;le crédit (comptable);het credit;4.2
THEME_COMPTABILITE_16;l'amortissement;de afschrijving;4.1
THEME_COMPTABILITE_17;la provision;de voorziening;4.1
THEME_COMPTABILITE_18;la charge;de kost / last;4.0
THEME_COMPTABILITE_19;le produit (comptable);de opbrengst;4.0
THEME_COMPTABILITE_20;le relevé bancaire;het bankafschrift;3.9
THEME_COMPTABILITE_21;la clôture des comptes;de jaarafsluiting;3.9
THEME_COMPTABILITE_22;le rapprochement bancaire;de bankreconciliatie;3.8
THEME_COMPTABILITE_23;la note de frais;de onkostennota;3.8
THEME_COMPTABILITE_24;l'inventaire;de inventaris;3.7
THEME_COMPTABILITE_25;la comptabilité analytique;de kostprijsberekening;3.7
THEME_COMPTABILITE_26;le plan comptable;het rekeningschema;3.6
THEME_COMPTABILITE_27;l'expert-comptable;de accountant;3.6
THEME_COMPTABILITE_28;le réviseur d'entreprise;de bedrijfsrevisor;3.5
THEME_COMPTABILITE_29;la retenue à la source;de bronheffing;3.5
THEME_COMPTABILITE_30;la cotisation sociale;de sociale bijdrage;3.4
THEME_COMPTABILITE_31;la facture d'achat;de aankoopfactuur;3.4
THEME_COMPTABILITE_32;la facture de vente;de verkoopfactuur;3.3
THEME_COMPTABILITE_33;l'avoir (comptable);de creditnota;3.3
THEME_COMPTABILITE_34;le paiement anticipé;de vooruitbetaling;3.2
THEME_COMPTABILITE_35;l'échéance;de vervaldatum;3.2
THEME_COMPTABILITE_36;le rappel de paiement;de betalingsherinnering;3.1
THEME_COMPTABILITE_37;la gestion de trésorerie;het kasbeheer;3.1
THEME_COMPTABILITE_38;l'audit interne;de interne audit;3.0
THEME_COMPTABILITE_39;le contrôle de gestion;de beheerscontrole;3.0
