Langue;Mot;Traduction;Conjugaison;Statut;Frequence
nl;aanbieden;offrir / proposer;bood aan, aangeboden;Prioritaire;4.44
nl;aanhouden;arrêter / maintenir;hield aan, aangehouden;Standard;3.81
nl;aankomen;arriver;kwam aan, aangekomen;Prioritaire;4.3
nl;aanmelden;annoncer / s'inscrire;melde aan, aangemeld;Standard;4.34
nl;aannemen;accepter / engager;nam aan, aangenomen;Prioritaire;4.28
nl;aansluiten;raccorder / s'affilier;sloot aan, aangesloten;Standard;4.07
nl;aantonen;démontrer / prouver;toonde aan, aangetoond;Prioritaire;3.8
nl;aanvaarden;accepter;aanvaardde, aanvaard;Prioritaire;3.94
nl;aanwezig zijn;être présent;was aanwezig, aanwezig geweest;Prioritaire;5.09
nl;aarzelen;hésiter;aarzelde, geaarzeld;Prioritaire;3.19
nl;ademen;respirer;ademde, geademd;Prioritaire;3.9
nl;afhangen (van);dépendre (de);hing af, afgehangen;Standard;3.23
nl;afleggen;déposer / passer (un examen);legde af, afgelegd;Prioritaire;3.98
nl;afnemen;diminuer / prélever;nam af, afgenomen;Prioritaire;4.06
nl;afsluiten;fermer / conclure;sloot af, afgesloten;Prioritaire;4.31
nl;antwoorden;répondre;antwoordde, geantwoord;Prioritaire;4.64
nl;arbeiden;travailler;arbeidde, gearbeid;Standard;1.82
nl;aanbieden;offrir / proposer;bood aan, aangeboden;Prioritaire;4.44
nl;aanhouden;arrêter / maintenir;hield aan, aangehouden;Standard;3.81
nl;aankomen;arriver;kwam aan, aangekomen;Prioritaire;4.3
nl;aanmelden;annoncer / s'inscrire;melde aan, aangemeld;Standard;4.34
nl;aannemen;accepter / engager;nam aan, aannenomen;Prioritaire;4.28
nl;aansluiten;raccorder / s'affilier;sloot aan, aangesloten;Standard;4.07
nl;aantonen;démontrer / prouver;toonde aan, aangetoond;Prioritaire;3.8
nl;aanvaarden;accepter;aanvaardde, aanvaard;Prioritaire;3.94
nl;aanwezig zijn;être présent;was aanwezig, aanwezig geweest;Prioritaire;5.09
nl;aarzelen;hésiter;aarzelde, geaarzeld;Prioritaire;3.19
nl;ademen;respirer;ademde, geademd;Prioritaire;3.9
nl;afhangen (van);dépendre (de);hing af, afgehangen;Standard;3.23
nl;afleggen;déposer / passer (un examen);legde af, afgelegd;Prioritaire;3.98
nl;afnemen;diminuer / prélever;nam af, afgenomen;Prioritaire;4.06
nl;afsluiten;fermer / conclure;sloot af, afgesloten;Prioritaire;4.31
nl;antwoorden;répondre;antwoordde, geantwoord;Prioritaire;4.64
nl;arbeiden;travailler;arbeidde, gearbeid;Standard;1.82
nl;bakken;cuire;bakte, gebakken;Prioritaire;4.21
nl;bedragen;s'élever à (montant);bedroeg, bedragen;Prioritaire;3.86
nl;bedoelen;vouloir dire / viser;bedoelde, bedoeld;Prioritaire;3.83
nl;beginnen;commencer;begon, begonnen;Prioritaire;5.33
nl;begrijpen;comprendre;begreep, begrepen;Prioritaire;4.96
nl;behandelen;traiter / manipuler;behandelde, behandeld;Prioritaire;4.53
nl;beheren;gérer;beheerde, beheerd;Prioritaire;3.91
nl;behoren (tot);appartenir (à);behoorde, behoord;Prioritaire;4.5
nl;bekijken;regarder / examiner;bekeek, bekeken;Prioritaire;4.84
nl;bekritiseren;critiquer;bekritiseerde, bekritiseerd;Standard;3.26
nl;belangstellen (in);s'intéresser (à);stelde belang, belanggesteld;Standard;0.0
nl;beloven;promettre;beloofde, beloofd;Prioritaire;3.94
nl;benemen;priver de / couper;benam, benomen;Standard;1.99
nl;beoordelen;juger / évaluer;beoordeelde, beoordeeld;Prioritaire;4.16
nl;bepalen;déterminer;bepaalde, bepaald;Prioritaire;4.65
nl;beperken (zich);se limiter;beperkte, beperkt;Prioritaire;4.26
nl;beschouwen;considérer;beschouwde, beschouwd;Prioritaire;4.07
nl;beschrijven;décrire;beschreef, beschreven;Prioritaire;4.2
nl;besluiten;décider / conclure;besloot, besloten;Prioritaire;4.3
nl;bestaan;exister;bestond, bestaan;Prioritaire;5.16
nl;besteden;consacrer (temps, argent);besteedde, besteed;Prioritaire;4.32
nl;bestellen;commander;bestelde, besteld;Prioritaire;4.56
nl;betekenen;signifier;betekende, betekend;Prioritaire;4.64
nl;betreffen;concerner;betrof, betroffen;Prioritaire;3.59
nl;betrouwen;avoir confiance;betrouwde, betrouwd;Standard;1.8
nl;bevatten;contenir;bevatte, bevat;Prioritaire;4.52
nl;bevestigen;confirmer;bevestigde, bevestigd;Prioritaire;4.3
nl;bevinden (zich);se trouver;bevond zich, bevonden;Prioritaire;4.49
nl;bewaren;conserver / garder;bewaarde, bewaard;Prioritaire;4.3
nl;bewegen;bouger;bewoog, bewogen;Prioritaire;4.57
nl;bewijzen;prouver;bewees, bewezen;Prioritaire;4.65
nl;bezitten;posséder;bezat, bezeten;Prioritaire;4.04
nl;bezoeken;visiter;bezocht, bezocht;Prioritaire;4.76
nl;bezuinigen;économiser;bezuinigde, bezuinigd;Standard;3.4
nl;bidden;prier;bad, gebeden;Standard;4.33
nl;bieden;offrir;bood, geboden;Prioritaire;4.95
nl;bijten;mordre;beet, gebeten;Standard;3.86
nl;binden;lier / attacher;bond, gebonden;Prioritaire;3.88
nl;blijken;apparaître / s'avérer;bleek, gebleken;Prioritaire;4.39
nl;blijven;rester;bleef, gebleven;Prioritaire;5.66
nl;bloeien;fleurir;bloeide, gebloeid;Standard;3.48
nl;boeken;réserver / enregistrer;boekte, geboekt;Standard;5.14
nl;bouwen;bâtir / construire;bouwde, gebouwd;Prioritaire;4.95
nl;branden;brûler;brandde, gebrand;Prioritaire;4.32
nl;breken;casser;brak, gebroken;Prioritaire;4.45
nl;brengen;apporter / amener;bracht, gebracht;Prioritaire;5.39
nl;buigen;courber / plier;boog, gebogen;Prioritaire;3.86
nl;checken;vérifier;checkte, gecheckt;Standard;3.98
nl;concluderen;conclure;concludeerde, geconcludeerd;Standard;3.5
nl;controleren;contrôler;controleerde, gecontroleerd;Prioritaire;4.61
nl;creëren;créer;creëerde, gecreëerd;Standard;4.58
nl;dansen;danser;danste, gedanst;Prioritaire;4.69
nl;danken;remercier;dankte, gedankt;Prioritaire;4.26
nl;deelnemen (aan);participer (à);nam deel, deelgenomen;Prioritaire;4.4
nl;delen;partager / diviser;deelde, gedeeld;Prioritaire;5.29
nl;denken;penser;dacht, gedacht;Prioritaire;5.5
nl;dienen;servir;diende, gediend;Prioritaire;4.69
nl;doen;faire;deed, gedaan;Prioritaire;6.13
nl;doorgaan;continuer;ging door, doorgegaan;Prioritaire;4.61
nl;doorlopen;parcourir / continuer;liep door, doorgelopen;Standard;4.02
nl;dragen;porter;droeg, gedragen;Prioritaire;5.01
nl;drijven;flotter / pousser;dreef, gedreven;Prioritaire;4.05
nl;drinken;boire;dronk, gedronken;Prioritaire;4.93
nl;dromen;rêver;droomde, gedroomd;Prioritaire;4.73
nl;drukken;appuyer / presser;drukte, gedrukt;Prioritaire;4.39
nl;durven;oser;durfde, gedurfd;Prioritaire;4.32
nl;duren;durer;duurde, geduurd;Prioritaire;4.62
nl;dwingen;forcer / contraindre;dwong, gedwongen;Prioritaire;4.18
nl;eisen;exiger;eiste, geëist;Prioritaire;4.77
nl;eindigen;finir / se terminer;eindigde, geëindigd;Prioritaire;4.19
nl;ervaren;expérimenter / ressentir;ervoer, ervaren;Prioritaire;4.71
nl;eten;manger;at, gegeten;Prioritaire;5.51
nl;fietsen;faire du vélo;fietste, gefietst;Standard;4.6
nl;gaan;aller;ging, gegaan;Prioritaire;6.18
nl;gebruiken;utiliser;gebruikte, gebruikt;Prioritaire;5.47
nl;gebeuren;se passer / arriver;gebeurde, gebeurd;Prioritaire;5.03
nl;geloven;croire;geloofde, geloofd;Prioritaire;4.99
nl;gelden;valoir / être d'application;gold, gegolden;Prioritaire;4.29
nl;genieten (van);profiter / jouir (de);genoot, genoten;Prioritaire;4.99
nl;geven;donner;gaf, gegeven;Prioritaire;5.75
nl;gieten;verser;goot, gegoten;Standard;3.6
nl;glijden;glisser;gleed, gegleden;Standard;3.58
nl;gooien;jeter;gooide, gegooid;Prioritaire;4.61
nl;grijpen;saisir;greep, gegrepen;Prioritaire;4.15
nl;groeien;grandir / croître;groeide, gegroeid;Prioritaire;4.63
nl;groeten;saluer;groette, gegroet;Prioritaire;4.23
nl;halen;chercher / obtenir;haalde, gehaald;Prioritaire;5.32
nl;hangen;pendre / être accroché;hing, gehangen;Prioritaire;4.69
nl;hebben;avoir;had, gehad;Prioritaire;6.49
nl;helpen;aider;hielp, geholpen;Prioritaire;5.5
nl;herinneren (zich);se souvenir;herinnerde, herinnerd;Prioritaire;4.63
nl;herstellen;réparer / se rétablir;herstelde, hersteld;Prioritaire;4.5
nl;heten;s'appeler;heette, geheten;Prioritaire;4.25
nl;houden;tenir / garder;hield, gehouden;Prioritaire;5.67
nl;horen;entendre;hoorde, gehoord;Prioritaire;5.38
nl;hopen;espérer;hoopte, gehoopt;Prioritaire;4.9
nl;huren;louer (prendre en location);huurde, gehuurd;Prioritaire;4.19
nl;indienen;déposer / présenter;diende in, ingediend;Standard;4.08
nl;informeren;informer;informeerde, geïnformeerd;Prioritaire;4.31
nl;ingaan;entrer / accepter;ging in, ingegaan;Standard;4.03
nl;inhouden;contenir / retenir;hield in, ingehouden;Prioritaire;3.8
nl;inrichten;aménager / organiser;richtte in, ingericht;Prioritaire;3.58
nl;instellen;établir / régler;stelde in, ingesteld;Prioritaire;4.1
nl;invoeren;introduire / importer;voerde in, ingevoerd;Prioritaire;3.98
nl;invullen;remplir (formulaire);vulde in, ingevuld;Prioritaire;4.08
nl;inzien;comprendre / consulter;zag in, ingezien;Standard;4.12
nl;jagen;chasser;jaagde / joeg, gejaagd;Standard;4.16
nl;juichen;pousser des cris de joie;juichte, gejuicht;Standard;3.79
nl;kaarten;jouer aux cartes;kaartte, gekaart;Standard;4.71
nl;kamperen;camper;kampeerde, gekampeerd;Standard;3.92
nl;kennen;connaître;kende, gekend;Prioritaire;5.08
nl;keren;tourner / retourner;keerde, gekeerd;Prioritaire;4.8
nl;kiezen;choisir;koos, gekozen;Prioritaire;5.07
nl;kijken;regarder;keek, gekeken;Prioritaire;5.58
nl;klagen;se plaindre;klaagde, geklaagd;Prioritaire;4.46
nl;kleden;habiller;kleedde, gekleed;Prioritaire;3.74
nl;klimmen;grimper;klom, geklommen;Prioritaire;4.03
nl;kloppen;frapper / battre;klopte, geklopt;Prioritaire;4.22
nl;koken;cuisiner / bouillir;kookte, gekookt;Prioritaire;4.6
nl;komen;venir;kwam, gekomen;Prioritaire;5.95
nl;kopen;acheter;kocht, gekocht;Prioritaire;5.21
nl;kosten;coûter;kostte, gekost;Prioritaire;4.94
nl;krijgen;recevoir;kreeg, gekregen;Prioritaire;5.72
nl;kruisen;croiser;kruiste, gekruist;Standard;3.53
nl;kunnen;pouvoir (capacité);kon, gekund;Prioritaire;6.26
nl;kussen;embrasser;kuste, gekust;Standard;4.27
nl;lachen;rire;lachte, gelachen;Prioritaire;4.76
nl;laden;charger;laadde, geladen;Standard;4.29
nl;laten;laisser;liet, gelaten;Prioritaire;5.88
nl;leeft;vivre (être en vie);leefde, geleefd;Prioritaire;4.83
nl;leiden;mener / conduire;leidde, geleid;Prioritaire;5.16
nl;lenen;emprunter / prêter;leende, geleend;Prioritaire;4.32
nl;leren;apprendre / enseigner;leerde, geleerd;Prioritaire;5.41
nl;letten (op);faire attention (à);lette, gelet;Prioritaire;4.35
nl;lezen;lire;las, gelezen;Prioritaire;5.32
nl;leveren;livrer / fournir;leverde, geleverd;Prioritaire;4.68
nl;leggen;poser / mettre;legde, gelegd;Prioritaire;5.0
nl;liggen;être couché / se trouver;lag, gelegen;Prioritaire;5.27
nl;lijden;souffrir;leed, geleden;Prioritaire;4.51
nl;lijken;paraître / ressembler;leek, geleken;Prioritaire;4.91
nl;lopen;marcher / courir;liep, gelopen;Prioritaire;5.34
nl;luisteren;écouter;luisterde, geluisterd;Prioritaire;4.9
nl;luiden;sonner;luidde, geluid;Standard;3.63
nl;maken;faire / fabriquer;maakte, gemaakt;Prioritaire;6.1
nl;meemaken;vivre / expérimenter;maakte mee, meegemaakt;Prioritaire;4.02
nl;meegaan;accompagner;ging mee, meegegaan;Standard;3.73
nl;melden;signaler / annoncer;meldde, gemeld;Prioritaire;4.73
nl;menen;penser / être sérieux;meende, gemeend;Prioritaire;3.95
nl;merken;remarquer;merkte, gemerkt;Prioritaire;4.45
nl;meten;mesurer;mat, gemeten;Prioritaire;4.12
nl;moeten;devoir;moest, gemoeten;Prioritaire;6.03
nl;mogen;pouvoir (permission);mocht, gemoogd;Prioritaire;5.34
nl;naar de les gaan;aller au cours;ging, gegaan;Standard;5.0
nl;nagaan;vérifier;ging na, nagegaan;Standard;3.73
nl;nemen;prendre;nam, genomen;Prioritaire;5.6
nl;noemen;nommer / appeler;noemde, genoemd;Prioritaire;5.08
nl;oordelen;juger;oordeelde, geoordeeld;Prioritaire;3.99
nl;oefenen;exercer / pratiquer;oefende, geoefend;Prioritaire;4.48
nl;ontbijten;déjeuner (matin);ontbeet, ontbeten;Standard;3.79
nl;ontbreken;manquer;ontbrak, ontbroken;Prioritaire;4.25
nl;onthouden;retenir / se souvenir;onthield, onthouden;Prioritaire;4.3
nl;ontmoeten;rencontrer;ontmoette, ontmoet;Prioritaire;4.6
nl;ontstaan;naître / provenir;ontstond, ontstaan;Prioritaire;4.97
nl;ontvangen;recevoir;ontving, ontvangen;Prioritaire;5.04
nl;ontwikkelen;développer;ontwikkelde, ontwikkeld;Prioritaire;4.69
nl;opbellen;téléphoner;belde op, opgebeld;Prioritaire;2.74
nl;opbouwen;construire / édifier;bouwde op, opgebouwd;Prioritaire;4.15
nl;opnemen;enregistrer / décrocher;nam op, opgenomen;Prioritaire;4.59
nl;oppassen;faire attention;paste op, opgepast;Prioritaire;3.84
nl;oprichten;fonder / établir;richtte op, opgericht;Prioritaire;3.85
nl;oplossen;résoudre;loste op, opgelost;Prioritaire;4.61
nl;opstaan;se lever;stond op, opgestaan;Prioritaire;4.39
nl;opstellen;rédiger / dresser;stelde op, opgesteld;Prioritaire;4.23
nl;opvallen;frapper / sauter aux yeux;viel op, opgevallen;Prioritaire;3.65
nl;opzoeken;chercher / rendre visite;zocht op, opgezocht;Prioritaire;4.21
nl;overlijden;décéder;overleed, overleden;Prioritaire;4.48
nl;oversteken;traverser;stak over, overgestoken;Prioritaire;3.83
nl;pakken;prendre / saisir;pakte, gepakt;Prioritaire;4.99
nl;passen;essayer / convenir;paste, gepast;Prioritaire;4.69
nl;plaatsvinden;avoir lieu;vond plaats, plaatsgevonden;Prioritaire;4.4
nl;plannen;planifier;plande, gepland;Prioritaire;4.92
nl;planten;planter;plantte, geplant;Standard;4.6
nl;plegen;commettre;pleegde, gepleegd;Prioritaire;4.26
nl;poetsen;nettoyer;poetste, gepoetst;Standard;3.77
nl;praten;parler / bavarder;praatte, gepraat;Prioritaire;5.29
nl;proberen;essayer;probeerde, geprobeerd;Prioritaire;5.24
nl;produceren;produire;produceerde, geproduceerd;Prioritaire;4.3
nl;publiceren;publier;publiceerde, gepubliceerd;Prioritaire;4.11
nl;punten geven;donner des points;gaf, gegeven;Standard;4.95
nl;raken;toucher / atteindre;raakte, geraakt;Prioritaire;4.73
nl;reageren;réagir;reageerde, gereageerd;Prioritaire;4.76
nl;reizen;voyager;reisde, gereisd;Prioritaire;4.82
nl;rekenen;compter / calculer;rekende, gerekend;Prioritaire;4.48
nl;remmen;freiner;remde, geremd;Standard;3.91
nl;rijden;rouler / conduire;reed, gereden;Prioritaire;5.13
nl;roepen;appeler / crier;riep, geroepen;Prioritaire;4.62
nl;roken;fumer;rookte, gerookt;Standard;4.47
nl;ruilen;échanger;ruilde, geruild;Standard;4.04
nl;rusten;se reposer;rustte, gerust;Prioritaire;4.25
nl;scheiden;séparer;scheidde, gescheiden;Prioritaire;4.18
nl;schelen;importer / y avoir une différence;scheelde, gescheeld;Prioritaire;4.22
nl;schenken;offrir / verser;schonk, geschonken;Prioritaire;3.91
nl;scheppen;créer;schiep, geschept;Standard;4.02
nl;schijnen;sembler / briller;scheen, geschenen;Prioritaire;4.0
nl;schrijven;écrire;schreef, geschreven;Prioritaire;5.07
nl;schrikken;s'effrayer;schrok, geschrokken;Prioritaire;3.99
nl;slaan;frapper;sloeg, geslagen;Prioritaire;4.87
nl;slagen;réussir;slaagde, geslaagd;Prioritaire;4.28
nl;slapen;dormir;sliep, geslapen;Prioritaire;5.06
nl;sluiten;fermer;sloot, gesloten;Prioritaire;4.9
nl;smaken;goûter (avoir un goût);smaakte, gesmaakt;Standard;3.95
nl;smijten;jeter;smeet, gesmeten;Standard;3.07
nl;snijden;couper;sneed, gesneden;Prioritaire;4.17
nl;spelen;jouer;speelde, gespeeld;Prioritaire;5.47
nl;spreken;parler;sprak, gesproken;Prioritaire;5.04
nl;springen;sauter;sprong, gesprongen;Standard;4.45
nl;staan;être debout;stond, gestaan;Prioritaire;5.71
nl;stappen;marcher / monter (véhicule);stapte, gestapt;Prioritaire;4.86
nl;steken;piquer / mettre;stak, gestoken;Prioritaire;4.68
nl;stellen;poser / placer;stelde, gesteld;Prioritaire;5.23
nl;sterven;mourir;stierf, gestorven;Prioritaire;4.62
nl;stijgen;augmenter / monter;steeg, gestegen;Prioritaire;4.21
nl;stoppen;s'arrêter / cesser;stopte, gestopt;Prioritaire;5.1
nl;studeren;étudier;studeerde, gestudeerd;Prioritaire;4.5
nl;sturen;envoyer / diriger;stuurde, gestuurd;Prioritaire;5.06
nl;tekenen;dessiner / signer;tekende, getekend;Prioritaire;4.6
nl;tellen;compter;telde, geteld;Prioritaire;4.39
nl;tonen;montrer;toonde, getoond;Prioritaire;4.73
nl;trekken;tirer;trok, getrokken;Prioritaire;4.97
nl;trouwen;se marier;trouwde, getrouwd;Prioritaire;4.61
nl;vallen;tomber;viel, gevallen;Prioritaire;5.16
nl;vangen;attraper;ving, gevangen;Prioritaire;4.47
nl;varen;naviguer;voer, gevaren;Standard;4.29
nl;vechten;se battre;vocht, gevochten;Standard;4.7
nl;veranderen;changer;veranderde, veranderd;Prioritaire;5.11
nl;verbeteren;améliorer / corriger;verbeterde, verbeterd;Prioritaire;4.74
nl;verbinden;relier;verbond, verbonden;Prioritaire;4.21
nl;verdedigen;défendre;verdedigde, verdedigd;Prioritaire;4.44
nl;verdelen;partager / répartir;verdeelde, verdeeld;Prioritaire;4.1
nl;verdienen;gagner (argent) / mériter;verdiende, verdiend;Prioritaire;4.85
nl;vergelijken;comparer;vergeleek, vergeleken;Prioritaire;4.43
nl;vergeten;oublier;vergat, vergeten;Prioritaire;5.2
nl;verhuizen;déménager;verhuisde, verhuisd;Prioritaire;4.42
nl;verklaren;déclarer / expliquer;verklaarde, verklaard;Prioritaire;4.39
nl;verkopen;vendre;verkocht, verkocht;Prioritaire;4.88
nl;verlaten;quitter;verliet, verlaten;Prioritaire;4.94
nl;verlengen;prolonger;verlengde, verlengd;Prioritaire;4.11
nl;verliezen;perdre;verloor, verloren;Prioritaire;4.83
nl;vermijden;éviter;vermeed, vermeden;Prioritaire;4.29
nl;vermoeden;soupçonner;vermoedde, vermoed;Prioritaire;4.3
nl;verpakken;emballer;verpakte, verpakt;Standard;3.28
nl;verrassen;surprendre;verraste, verrast;Prioritaire;4.04
nl;verschillen;différer;verschilde, verschild;Prioritaire;4.68
nl;vertellen;raconter;vertelde, verteld;Prioritaire;5.17
nl;vertrekken;partir;vertrok, vertrokken;Prioritaire;4.57
nl;vertrouwen;faire confiance;vertrouwde, vertrouwd;Prioritaire;5.06
nl;vervangen;remplacer;verving, vervangen;Prioritaire;4.87
nl;verven;peindre;verfde, geverfd;Standard;3.86
nl;verzamelen;collectionner / rassembler;verzamelde, verzameld;Prioritaire;4.53
nl;verzekeren;assurer;verzekerde, verzekerd;Prioritaire;4.09
nl;verzenden;expédier;verzond, verzonden;Standard;3.6
nl;verzorgen;soigner;verzorgde, verzorgd;Prioritaire;4.17
nl;vinden;trouver;vond, gevonden;Prioritaire;5.75
nl;vliegen;voler (air);vloog, gevlogen;Prioritaire;4.74
nl;voelen;sentir / ressentir;voelde, gevoeld;Prioritaire;5.04
nl;voeren;mener / nourrir;voerde, gevoerd;Prioritaire;4.87
nl;volgen;suivre;volgde, gevolgd;Prioritaire;5.27
nl;voorbereiden;préparer;bereidde voor, voorbereid;Prioritaire;4.26
nl;voorkomen;prévenir / arriver;kwam voor, voorgekomen;Prioritaire;5.11
nl;voorspellen;prédir;voorspelde, voorspeld;Standard;3.99
nl;voorstellen;présenter;stelde voor, voorgesteld;Prioritaire;4.79
nl;vormen;former;vormde, gevormd;Prioritaire;5.11
nl;vragen;demander;vroeg, gevraagd;Prioritaire;5.65
nl;vriezen;geler;vroor, gevroren;Standard;3.24
nl;vullen;remplir;vulde, gevuld;Prioritaire;4.38
nl;waarschuwen;avertir;waarschuwde, gewaarschuwd;Prioritaire;4.18
nl;wachten;attendre;wachtte, gewacht;Prioritaire;5.36
nl;wandelen;se promener;wandelde, gewandeld;Prioritaire;4.43
nl;wassen;laver;waste, gewassen;Prioritaire;4.23
nl;weigeren;refuser;weigerde, geweigerd;Prioritaire;4.27
nl;wekken;éveiller;wekte, gewekt;Standard;3.95
nl;wenen;pleurer;weende, geweend;Standard;4.27
nl;wennen;s'habituer;wende, gewend;Standard;4.24
nl;wensen;souhaiter;wenste, gewenst;Standard;4.7
nl;werken;travailler;werkte, gewerkt;Prioritaire;5.65
nl;werpen;jeter;wierp, geworpen;Standard;3.92
nl;weten;savoir;wist, geweten;Prioritaire;5.73
nl;wijzen;indiquer;wees, gewezen;Prioritaire;4.55
nl;willen;vouloir;wilde / wou, gewild;Prioritaire;5.81
nl;winnen;gagner;won, gewonnen;Prioritaire;5.0
nl;wonen;habiter;woonde, gewoond;Prioritaire;5.14
nl;worden;devenir;werd, geworden;Prioritaire;6.38
nl;zakken;échouer / descendre;zakte, gezakt;Standard;4.52
nl;zeggen;dire;zei, gezegd;Prioritaire;5.71
nl;zenden;envoyer;zond, gezonden;Standard;3.93
nl;zetten;mettre / poser;zette, gezet;Prioritaire;5.37
nl;zien;voir;zag, gezien;Prioritaire;6.05
nl;zijn;être;was, geweest;Prioritaire;6.96
nl;zingen;chanter;zong, gezongen;Standard;4.76
nl;zitten;être assis;zat, gezeten;Prioritaire;5.56
nl;zoeken;chercher;zocht, gezocht;Prioritaire;5.33
nl;zorgen;soigner / veiller à;zorgde, gezorgd;Prioritaire;5.46
nl;zullen;auxiliaire futur;zou, -;Prioritaire;5.69
nl;zwemmen;nager;zwom, gezwommen;Standard;4.6
nl;zwijgen;se taire;zweeg, gezwegen;Prioritaire;4.35
