id;fr;nl;freq;statut_examen;priorite_frequence;preterit;participe_passe
VERBES_NL_0;offrir / proposer;aanbieden;4.44;Prioritaire;Courant;bood aan;aangeboden
VERBES_NL_1;arrêter / maintenir;aanhouden;3.81;Standard;Courant;hield aan;aangehouden
VERBES_NL_2;arriver;aankomen;4.3;Prioritaire;Courant;kwam aan;aangekomen
VERBES_NL_3;annoncer / s'inscrire;aanmelden;4.34;Standard;Courant;melde aan;aangemeld
VERBES_NL_4;accepter / engager;aannemen;4.28;Prioritaire;Courant;nam aan;aannenomen
VERBES_NL_5;raccorder / s'affilier;aansluiten;4.07;Standard;Courant;sloot aan;aangesloten
VERBES_NL_6;démontrer / prouver;aantonen;3.8;Prioritaire;Courant;toonde aan;aangetoond
VERBES_NL_7;accepter;aanvaarden;3.94;Prioritaire;Courant;aanvaardde;aanvaard
VERBES_NL_8;être présent;aanwezig zijn;5.09;Prioritaire;Essentiel;was aanwezig;aanwezig geweest
VERBES_NL_9;hésiter;aarzelen;3.19;Prioritaire;Spécialisé;aarzelde;geaarzeld
VERBES_NL_10;respirer;ademen;3.9;Prioritaire;Courant;ademde;geademd
VERBES_NL_11;dépendre (de);afhangen (van);3.23;Standard;Spécialisé;hing af;afgehangen
VERBES_NL_12;déposer / passer (un examen);afleggen;3.98;Prioritaire;Courant;legde af;afgelegd
VERBES_NL_13;diminuer / prélever;afnemen;4.06;Prioritaire;Courant;nam af;afgenomen
VERBES_NL_14;fermer / conclure;afsluiten;4.31;Prioritaire;Courant;sloot af;afgesloten
VERBES_NL_15;répondre;antwoorden;4.64;Prioritaire;Courant;antwoordde;geantwoord
VERBES_NL_16;travailler;arbeiden;1.82;Standard;Spécialisé;arbeidde;gearbeid
VERBES_NL_17;offrir / proposer;aanbieden;4.44;Prioritaire;Courant;bood aan;aangeboden
VERBES_NL_18;arrêter / maintenir;aanhouden;3.81;Standard;Courant;hield aan;aangehouden
VERBES_NL_19;arriver;aankomen;4.3;Prioritaire;Courant;kwam aan;aangekomen
VERBES_NL_20;annoncer / s'inscrire;aanmelden;4.34;Standard;Courant;melde aan;aangemeld
VERBES_NL_21;accepter / engager;aannemen;4.28;Prioritaire;Courant;nam aan;aannenomen
VERBES_NL_22;raccorder / s'affilier;aansluiten;4.07;Standard;Courant;sloot aan;aangesloten
VERBES_NL_23;démontrer / prouver;aantonen;3.8;Prioritaire;Courant;toonde aan;aangetoond
VERBES_NL_24;accepter;aanvaarden;3.94;Prioritaire;Courant;aanvaardde;aanvaard
VERBES_NL_25;être présent;aanwezig zijn;5.09;Prioritaire;Essentiel;was aanwezig;aanwezig geweest
VERBES_NL_26;hésiter;aarzelen;3.19;Prioritaire;Spécialisé;aarzelde;geaarzeld
VERBES_NL_27;respirer;ademen;3.9;Prioritaire;Courant;ademde;geademd
VERBES_NL_28;dépendre (de);afhangen (van);3.23;Standard;Spécialisé;hing af;afgehangen
VERBES_NL_29;déposer / passer (un examen);afleggen;3.98;Prioritaire;Courant;legde af;afgelegd
VERBES_NL_30;diminuer / prélever;afnemen;4.06;Prioritaire;Courant;nam af;afgenomen
VERBES_NL_31;fermer / conclure;afsluiten;4.31;Prioritaire;Courant;sloot af;afgesloten
VERBES_NL_32;répondre;antwoorden;4.64;Prioritaire;Courant;antwoordde;geantwoord
VERBES_NL_33;travailler;arbeiden;1.82;Standard;Spécialisé;arbeidde;gearbeid
VERBES_NL_34;cuire;bakken;4.21;Prioritaire;Courant;bakte;gebakken
VERBES_NL_35;s'élever à (montant);bedragen;3.86;Prioritaire;Courant;bedroeg;bedragen
VERBES_NL_36;vouloir dire / viser;bedoelen;3.83;Prioritaire;Courant;bedoelde;bedoeld
VERBES_NL_37;commencer;beginnen;5.33;Prioritaire;Essentiel;begon;begonnen
VERBES_NL_38;comprendre;begrijpen;4.96;Prioritaire;Courant;begreep;begrepen
VERBES_NL_39;traiter / manipuler;behandelen;4.53;Prioritaire;Courant;behandelde;behandeld
VERBES_NL_40;gérer;beheren;3.91;Prioritaire;Courant;beheerde;beheerd
VERBES_NL_41;appartenir (à);behoren (tot);4.5;Prioritaire;Courant;behoorde;behoord
VERBES_NL_42;regarder / examiner;bekijken;4.84;Prioritaire;Courant;bekeek;bekeken
VERBES_NL_43;critiquer;bekritiseren;3.26;Standard;Spécialisé;bekritiseerde;bekritiseerd
VERBES_NL_44;s'intéresser (à);belangstellen (in);0.0;Standard;Spécialisé;stelde belang;belanggesteld
VERBES_NL_45;promettre;beloven;3.94;Prioritaire;Courant;beloofde;beloofd
VERBES_NL_46;priver de / couper;benemen;1.99;Standard;Spécialisé;benam;benomen
VERBES_NL_47;juger / évaluer;beoordelen;4.16;Prioritaire;Courant;beoordeelde;beoordeeld
VERBES_NL_48;déterminer;bepalen;4.65;Prioritaire;Courant;bepaalde;bepaald
VERBES_NL_49;se limiter;beperken (zich);4.26;Prioritaire;Courant;beperkte;beperkt
VERBES_NL_50;considérer;beschouwen;4.07;Prioritaire;Courant;beschouwde;beschouwd
VERBES_NL_51;décrire;beschrijven;4.2;Prioritaire;Courant;beschreef;beschreven
VERBES_NL_52;décider / conclure;besluiten;4.3;Prioritaire;Courant;besloot;besloten
VERBES_NL_53;exister;bestaan;5.16;Prioritaire;Essentiel;bestond;bestaan
VERBES_NL_54;consacrer (temps, argent);besteden;4.32;Prioritaire;Courant;besteedde;besteed
VERBES_NL_55;commander;bestellen;4.56;Prioritaire;Courant;bestelde;besteld
VERBES_NL_56;signifier;betekenen;4.64;Prioritaire;Courant;betekende;betekend
VERBES_NL_57;concerner;betreffen;3.59;Prioritaire;Courant;betrof;betroffen
VERBES_NL_58;avoir confiance;betrouwen;1.8;Standard;Spécialisé;betrouwde;betrouwd
VERBES_NL_59;contenir;bevatten;4.52;Prioritaire;Courant;bevatte;bevat
VERBES_NL_60;confirmer;bevestigen;4.3;Prioritaire;Courant;bevestigde;bevestigd
VERBES_NL_61;se trouver;bevinden (zich);4.49;Prioritaire;Courant;bevond zich;bevonden
VERBES_NL_62;conserver / garder;bewaren;4.3;Prioritaire;Courant;bewaarde;bewaard
VERBES_NL_63;bouger;bewegen;4.57;Prioritaire;Courant;bewoog;bewogen
VERBES_NL_64;prouver;bewijzen;4.65;Prioritaire;Courant;bewees;bewezen
VERBES_NL_65;posséder;bezitten;4.04;Prioritaire;Courant;bezat;bezeten
VERBES_NL_66;visiter;bezoeken;4.76;Prioritaire;Courant;bezocht;bezocht
VERBES_NL_67;économiser;bezuinigen;3.4;Standard;Spécialisé;bezuinigde;bezuinigd
VERBES_NL_68;prier;bidden;4.33;Standard;Courant;bad;gebeden
VERBES_NL_69;offrir;bieden;4.95;Prioritaire;Courant;bood;geboden
VERBES_NL_70;mordre;bijten;3.86;Standard;Courant;beet;gebeten
VERBES_NL_71;lier / attacher;binden;3.88;Prioritaire;Courant;bond;gebonden
VERBES_NL_72;apparaître / s'avérer;blijken;4.39;Prioritaire;Courant;bleek;gebleken
VERBES_NL_73;rester;blijven;5.66;Prioritaire;Essentiel;bleef;gebleven
VERBES_NL_74;fleurir;bloeien;3.48;Standard;Spécialisé;bloeide;gebloeid
VERBES_NL_75;réserver / enregistrer;boeken;5.14;Standard;Essentiel;boekte;geboekt
VERBES_NL_76;bâtir / construire;bouwen;4.95;Prioritaire;Courant;bouwde;gebouwd
VERBES_NL_77;brûler;branden;4.32;Prioritaire;Courant;brandde;gebrand
VERBES_NL_78;casser;breken;4.45;Prioritaire;Courant;brak;gebroken
VERBES_NL_79;apporter / amener;brengen;5.39;Prioritaire;Essentiel;bracht;gebracht
VERBES_NL_80;courber / plier;buigen;3.86;Prioritaire;Courant;boog;gebogen
VERBES_NL_81;vérifier;checken;3.98;Standard;Courant;checkte;gecheckt
VERBES_NL_82;conclure;concluderen;3.5;Standard;Courant;concludeerde;geconcludeerd
VERBES_NL_83;contrôler;controleren;4.61;Prioritaire;Courant;controleerde;gecontroleerd
VERBES_NL_84;créer;creëren;4.58;Standard;Courant;creëerde;gecreëerd
VERBES_NL_85;danser;dansen;4.69;Prioritaire;Courant;danste;gedanst
VERBES_NL_86;remercier;danken;4.26;Prioritaire;Courant;dankte;gedankt
VERBES_NL_87;participer (à);deelnemen (aan);4.4;Prioritaire;Courant;nam deel;deelgenomen
VERBES_NL_88;partager / diviser;delen;5.29;Prioritaire;Essentiel;deelde;gedeeld
VERBES_NL_89;penser;denken;5.5;Prioritaire;Essentiel;dacht;gedacht
VERBES_NL_90;servir;dienen;4.69;Prioritaire;Courant;diende;gediend
VERBES_NL_91;faire;doen;6.13;Prioritaire;Auxiliaire/Modal;deed;gedaan
VERBES_NL_92;continuer;doorgaan;4.61;Prioritaire;Courant;ging door;doorgegaan
VERBES_NL_93;parcourir / continuer;doorlopen;4.02;Standard;Courant;liep door;doorgelopen
VERBES_NL_94;porter;dragen;5.01;Prioritaire;Essentiel;droeg;gedragen
VERBES_NL_95;flotter / pousser;drijven;4.05;Prioritaire;Courant;dreef;gedreven
VERBES_NL_96;boire;drinken;4.93;Prioritaire;Courant;dronk;gedronken
VERBES_NL_97;rêver;dromen;4.73;Prioritaire;Courant;droomde;gedroomd
VERBES_NL_98;appuyer / presser;drukken;4.39;Prioritaire;Courant;drukte;gedrukt
VERBES_NL_99;oser;durven;4.32;Prioritaire;Courant;durfde;gedurfd
VERBES_NL_100;durer;duren;4.62;Prioritaire;Courant;duurde;geduurd
VERBES_NL_101;forcer / contraindre;dwingen;4.18;Prioritaire;Courant;dwong;gedwongen
VERBES_NL_102;exiger;eisen;4.77;Prioritaire;Courant;eiste;geëist
VERBES_NL_103;finir / se terminer;eindigen;4.19;Prioritaire;Courant;eindigde;geëindigd
VERBES_NL_104;expérimenter / ressentir;ervaren;4.71;Prioritaire;Courant;ervoer;ervaren
VERBES_NL_105;manger;eten;5.51;Prioritaire;Essentiel;at;gegeten
VERBES_NL_106;faire du vélo;fietsen;4.6;Standard;Courant;fietste;gefietst
VERBES_NL_107;aller;gaan;6.18;Prioritaire;Auxiliaire/Modal;ging;gegaan
VERBES_NL_108;utiliser;gebruiken;5.47;Prioritaire;Essentiel;gebruikte;gebruikt
VERBES_NL_109;se passer / arriver;gebeuren;5.03;Prioritaire;Essentiel;gebeurde;gebeurd
VERBES_NL_110;croire;geloven;4.99;Prioritaire;Courant;geloofde;geloofd
VERBES_NL_111;valoir / être d'application;gelden;4.29;Prioritaire;Courant;gold;gegolden
VERBES_NL_112;profiter / jouir (de);genieten (van);4.99;Prioritaire;Courant;genoot;genoten
VERBES_NL_113;donner;geven;5.75;Prioritaire;Essentiel;gaf;gegeven
VERBES_NL_114;verser;gieten;3.6;Standard;Courant;goot;gegoten
VERBES_NL_115;glisser;glijden;3.58;Standard;Courant;gleed;gegleden
VERBES_NL_116;jeter;gooien;4.61;Prioritaire;Courant;gooide;gegooid
VERBES_NL_117;saisir;grijpen;4.15;Prioritaire;Courant;greep;gegrepen
VERBES_NL_118;grandir / croître;groeien;4.63;Prioritaire;Courant;groeide;gegroeid
VERBES_NL_119;saluer;groeten;4.23;Prioritaire;Courant;groette;gegroet
VERBES_NL_120;chercher / obtenir;halen;5.32;Prioritaire;Essentiel;haalde;gehaald
VERBES_NL_121;pendre / être accroché;hangen;4.69;Prioritaire;Courant;hing;gehangen
VERBES_NL_122;avoir;hebben;6.49;Prioritaire;Auxiliaire/Modal;had;gehad
VERBES_NL_123;aider;helpen;5.5;Prioritaire;Essentiel;hielp;geholpen
VERBES_NL_124;se souvenir;herinneren (zich);4.63;Prioritaire;Courant;herinnerde;herinnerd
VERBES_NL_125;réparer / se rétablir;herstellen;4.5;Prioritaire;Courant;herstelde;hersteld
VERBES_NL_126;s'appeler;heten;4.25;Prioritaire;Courant;heette;geheten
VERBES_NL_127;tenir / garder;houden;5.67;Prioritaire;Essentiel;hield;gehouden
VERBES_NL_128;entendre;horen;5.38;Prioritaire;Essentiel;hoorde;gehoord
VERBES_NL_129;espérer;hopen;4.9;Prioritaire;Courant;hoopte;gehoopt
VERBES_NL_130;louer (prendre en location);huren;4.19;Prioritaire;Courant;huurde;gehuurd
VERBES_NL_131;déposer / présenter;indienen;4.08;Standard;Courant;diende in;ingediend
VERBES_NL_132;informer;informeren;4.31;Prioritaire;Courant;informeerde;geïnformeerd
VERBES_NL_133;entrer / accepter;ingaan;4.03;Standard;Courant;ging in;ingegaan
VERBES_NL_134;contenir / retenir;inhouden;3.8;Prioritaire;Courant;hield in;ingehouden
VERBES_NL_135;aménager / organiser;inrichten;3.58;Prioritaire;Courant;richtte in;ingericht
VERBES_NL_136;établir / régler;instellen;4.1;Prioritaire;Courant;stelde in;ingesteld
VERBES_NL_137;introduire / importer;invoeren;3.98;Prioritaire;Courant;voerde in;ingevoerd
VERBES_NL_138;remplir (formulaire);invullen;4.08;Prioritaire;Courant;vulde in;ingevuld
VERBES_NL_139;comprendre / consulter;inzien;4.12;Standard;Courant;zag in;ingezien
VERBES_NL_140;chasser;jagen;4.16;Standard;Courant;jaagde / joeg;gejaagd
VERBES_NL_141;pousser des cris de joie;juichen;3.79;Standard;Courant;juichte;gejuicht
VERBES_NL_142;jouer aux cartes;kaarten;4.71;Standard;Courant;kaartte;gekaart
VERBES_NL_143;camper;kamperen;3.92;Standard;Courant;kampeerde;gekampeerd
VERBES_NL_144;connaître;kennen;5.08;Prioritaire;Essentiel;kende;gekend
VERBES_NL_145;tourner / retourner;keren;4.8;Prioritaire;Courant;keerde;gekeerd
VERBES_NL_146;choisir;kiezen;5.07;Prioritaire;Essentiel;koos;gekozen
VERBES_NL_147;regarder;kijken;5.58;Prioritaire;Essentiel;keek;gekeken
VERBES_NL_148;se plaindre;klagen;4.46;Prioritaire;Courant;klaagde;geklaagd
VERBES_NL_149;habiller;kleden;3.74;Prioritaire;Courant;kleedde;gekleed
VERBES_NL_150;grimper;klimmen;4.03;Prioritaire;Courant;klom;geklommen
VERBES_NL_151;frapper / battre;kloppen;4.22;Prioritaire;Courant;klopte;geklopt
VERBES_NL_152;cuisiner / bouillir;koken;4.6;Prioritaire;Courant;kookte;gekookt
VERBES_NL_153;venir;komen;5.95;Prioritaire;Essentiel;kwam;gekomen
VERBES_NL_154;acheter;kopen;5.21;Prioritaire;Essentiel;kocht;gekocht
VERBES_NL_155;coûter;kosten;4.94;Prioritaire;Courant;kostte;gekost
VERBES_NL_156;recevoir;krijgen;5.72;Prioritaire;Essentiel;kreeg;gekregen
VERBES_NL_157;croiser;kruisen;3.53;Standard;Courant;kruiste;gekruist
VERBES_NL_158;pouvoir (capacité);kunnen;6.26;Prioritaire;Auxiliaire/Modal;kon;gekund
VERBES_NL_159;embrasser;kussen;4.27;Standard;Courant;kuste;gekust
VERBES_NL_160;rire;lachen;4.76;Prioritaire;Courant;lachte;gelachen
VERBES_NL_161;charger;laden;4.29;Standard;Courant;laadde;geladen
VERBES_NL_162;laisser;laten;5.88;Prioritaire;Auxiliaire/Modal;liet;gelaten
VERBES_NL_163;vivre (être en vie);leeft;4.83;Prioritaire;Courant;leefde;geleefd
VERBES_NL_164;mener / conduire;leiden;5.16;Prioritaire;Essentiel;leidde;geleid
VERBES_NL_165;emprunter / prêter;lenen;4.32;Prioritaire;Courant;leende;geleend
VERBES_NL_166;apprendre / enseigner;leren;5.41;Prioritaire;Essentiel;leerde;geleerd
VERBES_NL_167;faire attention (à);letten (op);4.35;Prioritaire;Courant;lette;gelet
VERBES_NL_168;lire;lezen;5.32;Prioritaire;Essentiel;las;gelezen
VERBES_NL_169;livrer / fournir;leveren;4.68;Prioritaire;Courant;leverde;geleverd
VERBES_NL_170;poser / mettre;leggen;5.0;Prioritaire;Essentiel;legde;gelegd
VERBES_NL_171;être couché / se trouver;liggen;5.27;Prioritaire;Essentiel;lag;gelegen
VERBES_NL_172;souffrir;lijden;4.51;Prioritaire;Courant;leed;geleden
VERBES_NL_173;paraître / ressembler;lijken;4.91;Prioritaire;Courant;leek;geleken
VERBES_NL_174;marcher / courir;lopen;5.34;Prioritaire;Essentiel;liep;gelopen
VERBES_NL_175;écouter;luisteren;4.9;Prioritaire;Courant;luisterde;geluisterd
VERBES_NL_176;sonner;luiden;3.63;Standard;Courant;luidde;geluid
VERBES_NL_177;faire / fabriquer;maken;6.1;Prioritaire;Essentiel;maakte;gemaakt
VERBES_NL_178;vivre / expérimenter;meemaken;4.02;Prioritaire;Courant;maakte mee;meegemaakt
VERBES_NL_179;accompagner;meegaan;3.73;Standard;Courant;ging mee;meegegaan
VERBES_NL_180;signaler / annoncer;melden;4.73;Prioritaire;Courant;meldde;gemeld
VERBES_NL_181;penser / être sérieux;menen;3.95;Prioritaire;Courant;meende;gemeend
VERBES_NL_182;remarquer;merken;4.45;Prioritaire;Courant;merkte;gemerkt
VERBES_NL_183;mesurer;meten;4.12;Prioritaire;Courant;mat;gemeten
VERBES_NL_184;devoir;moeten;6.03;Prioritaire;Auxiliaire/Modal;moest;gemoeten
VERBES_NL_185;pouvoir (permission);mogen;5.34;Prioritaire;Auxiliaire/Modal;mocht;gemoogd
VERBES_NL_186;aller au cours;naar de les gaan;5.0;Standard;Essentiel;ging;gegaan
VERBES_NL_187;vérifier;nagaan;3.73;Standard;Courant;ging na;nagegaan
VERBES_NL_188;prendre;nemen;5.6;Prioritaire;Essentiel;nam;genomen
VERBES_NL_189;nommer / appeler;noemen;5.08;Prioritaire;Essentiel;noemde;genoemd
VERBES_NL_190;juger;oordelen;3.99;Prioritaire;Courant;oordeelde;geoordeeld
VERBES_NL_191;exercer / pratiquer;oefenen;4.48;Prioritaire;Courant;oefende;geoefend
VERBES_NL_192;déjeuner (matin);ontbijten;3.79;Standard;Courant;ontbeet;ontbeten
VERBES_NL_193;manquer;ontbreken;4.25;Prioritaire;Courant;ontbrak;ontbroken
VERBES_NL_194;retenir / se souvenir;onthouden;4.3;Prioritaire;Courant;onthield;onthouden
VERBES_NL_195;rencontrer;ontmoeten;4.6;Prioritaire;Courant;ontmoette;ontmoet
VERBES_NL_196;naître / provenir;ontstaan;4.97;Prioritaire;Courant;ontstond;ontstaan
VERBES_NL_197;recevoir;ontvangen;5.04;Prioritaire;Essentiel;ontving;ontvangen
VERBES_NL_198;développer;ontwikkelen;4.69;Prioritaire;Courant;ontwikkelde;ontwikkeld
VERBES_NL_199;téléphoner;opbellen;2.74;Prioritaire;Spécialisé;belde op;opgebeld
VERBES_NL_200;construire / édifier;opbouwen;4.15;Prioritaire;Courant;bouwde op;opgebouwd
VERBES_NL_201;enregistrer / décrocher;opnemen;4.59;Prioritaire;Courant;nam op;opgenomen
VERBES_NL_202;faire attention;oppassen;3.84;Prioritaire;Courant;paste op;opgepast
VERBES_NL_203;fonder / établir;oprichten;3.85;Prioritaire;Courant;richtte op;opgericht
VERBES_NL_204;résoudre;oplossen;4.61;Prioritaire;Courant;loste op;opgelost
VERBES_NL_205;se lever;opstaan;4.39;Prioritaire;Courant;stond op;opgestaan
VERBES_NL_206;rédiger / dresser;opstellen;4.23;Prioritaire;Courant;stelde op;opgesteld
VERBES_NL_207;frapper / sauter aux yeux;opvallen;3.65;Prioritaire;Courant;viel op;opgevallen
VERBES_NL_208;chercher / rendre visite;opzoeken;4.21;Prioritaire;Courant;zocht op;opgezocht
VERBES_NL_209;décéder;overlijden;4.48;Prioritaire;Courant;overleed;overleden
VERBES_NL_210;traverser;oversteken;3.83;Prioritaire;Courant;stak over;overgestoken
VERBES_NL_211;prendre / saisir;pakken;4.99;Prioritaire;Courant;pakte;gepakt
VERBES_NL_212;essayer / convenir;passen;4.69;Prioritaire;Courant;paste;gepast
VERBES_NL_213;avoir lieu;plaatsvinden;4.4;Prioritaire;Courant;vond plaats;plaatsgevonden
VERBES_NL_214;planifier;plannen;4.92;Prioritaire;Courant;plande;gepland
VERBES_NL_215;planter;planten;4.6;Standard;Courant;plantte;geplant
VERBES_NL_216;commettre;plegen;4.26;Prioritaire;Courant;pleegde;gepleegd
VERBES_NL_217;nettoyer;poetsen;3.77;Standard;Courant;poetste;gepoetst
VERBES_NL_218;parler / bavarder;praten;5.29;Prioritaire;Essentiel;praatte;gepraat
VERBES_NL_219;essayer;proberen;5.24;Prioritaire;Essentiel;probeerde;geprobeerd
VERBES_NL_220;produire;produceren;4.3;Prioritaire;Courant;produceerde;geproduceerd
VERBES_NL_221;publier;publiceren;4.11;Prioritaire;Courant;publiceerde;gepubliceerd
VERBES_NL_222;donner des points;punten geven;4.95;Standard;Courant;gaf;gegeven
VERBES_NL_223;toucher / atteindre;raken;4.73;Prioritaire;Courant;raakte;geraakt
VERBES_NL_224;réagir;reageren;4.76;Prioritaire;Courant;reageerde;gereageerd
VERBES_NL_225;voyager;reizen;4.82;Prioritaire;Courant;reisde;gereisd
VERBES_NL_226;compter / calculer;rekenen;4.48;Prioritaire;Courant;rekende;gerekend
VERBES_NL_227;freiner;remmen;3.91;Standard;Courant;remde;geremd
VERBES_NL_228;rouler / conduire;rijden;5.13;Prioritaire;Essentiel;reed;gereden
VERBES_NL_229;appeler / crier;roepen;4.62;Prioritaire;Courant;riep;geroepen
VERBES_NL_230;fumer;roken;4.47;Standard;Courant;rookte;gerookt
VERBES_NL_231;échanger;ruilen;4.04;Standard;Courant;ruilde;geruild
VERBES_NL_232;se reposer;rusten;4.25;Prioritaire;Courant;rustte;gerust
VERBES_NL_233;séparer;scheiden;4.18;Prioritaire;Courant;scheidde;gescheiden
VERBES_NL_234;importer / y avoir une différence;schelen;4.22;Prioritaire;Courant;scheelde;gescheeld
VERBES_NL_235;offrir / verser;schenken;3.91;Prioritaire;Courant;schonk;geschonken
VERBES_NL_236;créer;scheppen;4.02;Standard;Courant;schiep;geschept
VERBES_NL_237;sembler / briller;schijnen;4.0;Prioritaire;Courant;scheen;geschenen
VERBES_NL_238;écrire;schrijven;5.07;Prioritaire;Essentiel;schreef;geschreven
VERBES_NL_239;s'effrayer;schrikken;3.99;Prioritaire;Courant;schrok;geschrokken
VERBES_NL_240;frapper;slaan;4.87;Prioritaire;Courant;sloeg;geslagen
VERBES_NL_241;réussir;slagen;4.28;Prioritaire;Courant;slaagde;geslaagd
VERBES_NL_242;dormir;slapen;5.06;Prioritaire;Essentiel;sliep;geslapen
VERBES_NL_243;fermer;sluiten;4.9;Prioritaire;Courant;sloot;gesloten
VERBES_NL_244;goûter (avoir un goût);smaken;3.95;Standard;Courant;smaakte;gesmaakt
VERBES_NL_245;jeter;smijten;3.07;Standard;Spécialisé;smeet;gesmeten
VERBES_NL_246;couper;snijden;4.17;Prioritaire;Courant;sneed;gesneden
VERBES_NL_247;jouer;spelen;5.47;Prioritaire;Essentiel;speelde;gespeeld
VERBES_NL_248;parler;spreken;5.04;Prioritaire;Essentiel;sprak;gesproken
VERBES_NL_249;sauter;springen;4.45;Standard;Courant;sprong;gesprongen
VERBES_NL_250;être debout;staan;5.71;Prioritaire;Essentiel;stond;gestaan
VERBES_NL_251;marcher / monter (véhicule);stappen;4.86;Prioritaire;Courant;stapte;gestapt
VERBES_NL_252;piquer / mettre;steken;4.68;Prioritaire;Courant;stak;gestoken
VERBES_NL_253;poser / placer;stellen;5.23;Prioritaire;Essentiel;stelde;gesteld
VERBES_NL_254;mourir;sterven;4.62;Prioritaire;Courant;stierf;gestorven
VERBES_NL_255;augmenter / monter;stijgen;4.21;Prioritaire;Courant;steeg;gestegen
VERBES_NL_256;s'arrêter / cesser;stoppen;5.1;Prioritaire;Essentiel;stopte;gestopt
VERBES_NL_257;étudier;studeren;4.5;Prioritaire;Courant;studeerde;gestudeerd
VERBES_NL_258;envoyer / diriger;sturen;5.06;Prioritaire;Essentiel;stuurde;gestuurd
VERBES_NL_259;dessiner / signer;tekenen;4.6;Prioritaire;Courant;tekende;getekend
VERBES_NL_260;compter;tellen;4.39;Prioritaire;Courant;telde;geteld
VERBES_NL_261;montrer;tonen;4.73;Prioritaire;Courant;toonde;getoond
VERBES_NL_262;tirer;trekken;4.97;Prioritaire;Courant;trok;getrokken
VERBES_NL_263;se marier;trouwen;4.61;Prioritaire;Courant;trouwde;getrouwd
VERBES_NL_264;tomber;vallen;5.16;Prioritaire;Essentiel;viel;gevallen
VERBES_NL_265;attraper;vangen;4.47;Prioritaire;Courant;ving;gevangen
VERBES_NL_266;naviguer;varen;4.29;Standard;Courant;voer;gevaren
VERBES_NL_267;se battre;vechten;4.7;Standard;Courant;vocht;gevochten
VERBES_NL_268;changer;veranderen;5.11;Prioritaire;Essentiel;veranderde;veranderd
VERBES_NL_269;améliorer / corriger;verbeteren;4.74;Prioritaire;Courant;verbeterde;verbeterd
VERBES_NL_270;relier;verbinden;4.21;Prioritaire;Courant;verbond;verbonden
VERBES_NL_271;défendre;verdedigen;4.44;Prioritaire;Courant;verdedigde;verdedigd
VERBES_NL_272;partager / répartir;verdelen;4.1;Prioritaire;Courant;verdeelde;verdeeld
VERBES_NL_273;gagner (argent) / mériter;verdienen;4.85;Prioritaire;Courant;verdiende;verdiend
VERBES_NL_274;comparer;vergelijken;4.43;Prioritaire;Courant;vergeleek;vergeleken
VERBES_NL_275;oublier;vergeten;5.2;Prioritaire;Essentiel;vergat;vergeten
VERBES_NL_276;déménager;verhuizen;4.42;Prioritaire;Courant;verhuisde;verhuisd
VERBES_NL_277;déclarer / expliquer;verklaren;4.39;Prioritaire;Courant;verklaarde;verklaard
VERBES_NL_278;vendre;verkopen;4.88;Prioritaire;Courant;verkocht;verkocht
VERBES_NL_279;quitter;verlaten;4.94;Prioritaire;Courant;verliet;verlaten
VERBES_NL_280;prolonger;verlengen;4.11;Prioritaire;Courant;verlengde;verlengd
VERBES_NL_281;perdre;verliezen;4.83;Prioritaire;Courant;verloor;verloren
VERBES_NL_282;éviter;vermijden;4.29;Prioritaire;Courant;vermeed;vermeden
VERBES_NL_283;soupçonner;vermoeden;4.3;Prioritaire;Courant;vermoedde;vermoed
VERBES_NL_284;emballer;verpakken;3.28;Standard;Spécialisé;verpakte;verpakt
VERBES_NL_285;surprendre;verrassen;4.04;Prioritaire;Courant;verraste;verrast
VERBES_NL_286;différer;verschillen;4.68;Prioritaire;Courant;verschilde;verschild
VERBES_NL_287;raconter;vertellen;5.17;Prioritaire;Essentiel;vertelde;verteld
VERBES_NL_288;partir;vertrekken;4.57;Prioritaire;Courant;vertrok;vertrokken
VERBES_NL_289;faire confiance;vertrouwen;5.06;Prioritaire;Essentiel;vertrouwde;vertrouwd
VERBES_NL_290;remplacer;vervangen;4.87;Prioritaire;Courant;verving;vervangen
VERBES_NL_291;peindre;verven;3.86;Standard;Courant;verfde;geverfd
VERBES_NL_292;collectionner / rassembler;verzamelen;4.53;Prioritaire;Courant;verzamelde;verzameld
VERBES_NL_293;assurer;verzekeren;4.09;Prioritaire;Courant;verzekerde;verzekerd
VERBES_NL_294;expédier;verzenden;3.6;Standard;Courant;verzond;verzonden
VERBES_NL_295;soigner;verzorgen;4.17;Prioritaire;Courant;verzorgde;verzorgd
VERBES_NL_296;trouver;vinden;5.75;Prioritaire;Essentiel;vond;gevonden
VERBES_NL_297;voler (air);vliegen;4.74;Prioritaire;Courant;vloog;gevlogen
VERBES_NL_298;sentir / ressentir;voelen;5.04;Prioritaire;Essentiel;voelde;gevoeld
VERBES_NL_299;mener / nourrir;voeren;4.87;Prioritaire;Courant;voerde;gevoerd
VERBES_NL_300;suivre;volgen;5.27;Prioritaire;Essentiel;volgde;gevolgd
VERBES_NL_301;préparer;voorbereiden;4.26;Prioritaire;Courant;bereidde voor;voorbereid
VERBES_NL_302;prévenir / arriver;voorkomen;5.11;Prioritaire;Essentiel;kwam voor;voorgekomen
VERBES_NL_303;prédir;voorspellen;3.99;Standard;Courant;voorspelde;voorspeld
VERBES_NL_304;présenter;voorstellen;4.79;Prioritaire;Courant;stelde voor;voorgesteld
VERBES_NL_305;former;vormen;5.11;Prioritaire;Essentiel;vormde;gevormd
VERBES_NL_306;demander;vragen;5.65;Prioritaire;Essentiel;vroeg;gevraagd
VERBES_NL_307;geler;vriezen;3.24;Standard;Spécialisé;vroor;gevroren
VERBES_NL_308;remplir;vullen;4.38;Prioritaire;Courant;vulde;gevuld
VERBES_NL_309;avertir;waarschuwen;4.18;Prioritaire;Courant;waarschuwde;gewaarschuwd
VERBES_NL_310;attendre;wachten;5.36;Prioritaire;Essentiel;wachtte;gewacht
VERBES_NL_311;se promener;wandelen;4.43;Prioritaire;Courant;wandelde;gewandeld
VERBES_NL_312;laver;wassen;4.23;Prioritaire;Courant;waste;gewassen
VERBES_NL_313;refuser;weigeren;4.27;Prioritaire;Courant;weigerde;geweigerd
VERBES_NL_314;éveiller;wekken;3.95;Standard;Courant;wekte;gewekt
VERBES_NL_315;pleurer;wenen;4.27;Standard;Courant;weende;geweend
VERBES_NL_316;s'habituer;wennen;4.24;Standard;Courant;wende;gewend
VERBES_NL_317;souhaiter;wensen;4.7;Standard;Courant;wenste;gewenst
VERBES_NL_318;travailler;werken;5.65;Prioritaire;Essentiel;werkte;gewerkt
VERBES_NL_319;jeter;werpen;3.92;Standard;Courant;wierp;geworpen
VERBES_NL_320;savoir;weten;5.73;Prioritaire;Essentiel;wist;geweten
VERBES_NL_321;indiquer;wijzen;4.55;Prioritaire;Courant;wees;gewezen
VERBES_NL_322;vouloir;willen;5.81;Prioritaire;Auxiliaire/Modal;wilde / wou;gewild
VERBES_NL_323;gagner;winnen;5.0;Prioritaire;Essentiel;won;gewonnen
VERBES_NL_324;habiter;wonen;5.14;Prioritaire;Essentiel;woonde;gewoond
VERBES_NL_325;devenir;worden;6.38;Prioritaire;Auxiliaire/Modal;werd;geworden
VERBES_NL_326;échouer / descendre;zakken;4.52;Standard;Courant;zakte;gezakt
VERBES_NL_327;dire;zeggen;5.71;Prioritaire;Essentiel;zei;gezegd
VERBES_NL_328;envoyer;zenden;3.93;Standard;Courant;zond;gezonden
VERBES_NL_329;mettre / poser;zetten;5.37;Prioritaire;Essentiel;zette;gezet
VERBES_NL_330;voir;zien;6.05;Prioritaire;Essentiel;zag;gezien
VERBES_NL_331;être;zijn;6.96;Prioritaire;Auxiliaire/Modal;was;geweest
VERBES_NL_332;chanter;zingen;4.76;Standard;Courant;zong;gezongen
VERBES_NL_333;être assis;zitten;5.56;Prioritaire;Essentiel;zat;gezeten
VERBES_NL_334;chercher;zoeken;5.33;Prioritaire;Essentiel;zocht;gezocht
VERBES_NL_335;soigner / veiller à;zorgen;5.46;Prioritaire;Essentiel;zorgde;gezorgd
VERBES_NL_336;auxiliaire futur;zullen;5.69;Prioritaire;Auxiliaire/Modal;zou;-
VERBES_NL_337;nager;zwemmen;4.6;Standard;Courant;zwom;gezwommen
VERBES_NL_338;se taire;zwijgen;4.35;Prioritaire;Courant;zweeg;gezwegen
