id;fr;en
N1;l'attention;attention
N2;la part / l'action;share / action
N3;l'arrivée;arrival
N4;la disposition;disposition / arrangement
N5;l'occasion;occasion / opportunity
N6;le nombre;number / amount
N7;le regard / le prestige;view / prestige
N8;la nature;nature
N9;la pomme de terre;potato
N10;la terre;earth / ground
N11;le rayon / le département;department / shelf
N12;la distance;distance
N13;le rendez-vous;appointment / date
N14;l'origine;origin
N15;la peur;fear
N16;la réponse;answer
N17;le travail;work / labor
N18;l'ouvrier;worker
N19;le bras;arm
N20;l'article;article
N21;le médecin;doctor
N22;la voiture;car
N23;le soir;evening
N24;le boulanger;baker
N25;la banque;bank
N26;la base;base
N27;le lit;bed
N28;le budget;budget
N29;le début;beginning / start
N30;le concept;concept
N31;la jambe;leg
N32;le bénéfice;profit / benefit
N33;la montagne;mountain
N34;la décision;decision
N35;la possession;possession
N36;la visite;visit
N37;l'importance;importance
N38;la direction;direction / management
N39;le mouvement;movement
N40;l'existence;existence
N41;l'expérience;experience
N42;la lèvre;lip
N43;la feuille;leaf / sheet
N44;la fleur;flower
N45;la chance;luck / chance
N46;le danger;danger
N47;le gaz;gas
N48;le bâtiment;building
N49;le son;sound
N50;le visage;face
N51;le comportement;behavior
N52;l'utilisation;use / usage
N53;le sentiment;feeling
N54;le niveau;level
N55;la limite;limit
N56;le bruit;noise
N57;la couleur;color
N58;la chaleur;heat
N59;le poids;weight
N60;le point;point
N61;le groupe;group
N62;le cas;case
N63;la cause;cause
N64;le côté;side
N65;le lieu;place
N66;la fin;end
N67;l'ordre;order
N68;le droit;right / law
N69;le milieu;middle / environment
N70;le moment;moment
N71;le mois;month
N72;le monde;world
N73;le pays;country
N74;le peuple;people
N75;le pouvoir;power
N76;le problème;problem
N77;le programme;program
N78;le système;system
N79;le service;service
N80;la société;society / company
N81;le succès;success
N82;le type;type
N83;la valeur;value
N84;le vent;wind
N85;le chemin;way / path
N86;le cœur;heart
N87;le corps;body
N88;le ciel;sky
N89;le soleil;sun
N90;la lune;moon
N91;la mer;sea
N92;la ville;city / town
N93;le village;village
N94;la rue;street
N95;la maison;house
N96;la chambre;room / bedroom
N97;la porte;door
N98;la fenêtre;window
N99;la table;table
N100;la chaise;chair
N101;le pain;bread
N102;l'eau;water
N103;le lait;milk
N104;le café;coffee
N105;le thé;tea
N106;le sucre;sugar
N107;le sel;salt
N108;la viande;meat
N109;le poisson;fish
N110;le fruit;fruit
N111;le légume;vegetable
N112;l'école;school
N113;le professeur;teacher
N114;l'élève;student / pupil
N115;le livre;book
N116;le cahier;notebook
N117;le stylo;pen
N118;le papier;paper
N119;la question;question
N120;le mot;word
N121;la phrase;sentence
N122;la langue;language / tongue
N123;l'histoire;history / story
N124;la guerre;war
N125;la paix;peace
N126;la loi;law
N127;le roi;king
N128;la reine;queen
N129;le président;president
N130;le gouvernement;government
N131;l'armée;army
N132;la police;police
N133;le citoyen;citizen
N134;l'homme;man
N135;la femme;woman
N136;l'enfant;child
N137;le père;father
N138;la mère;mother
N139;le frère;brother
N140;la sœur;sister
N141;le grand-père;grandfather
N142;la grand-mère;grandmother
N143;l'oncle;uncle
N144;la tante;aunt
N145;le cousin;cousin
N146;le neveu;nephew
N147;la nièce;niece
N148;le mari;husband
N149;la femme (épouse);wife
N150;la vie;life
N151;la mort;death
N152;la santé;health
N153;la maladie;illness / disease
N154;le médicament;medicine
N155;l'hôpital;hospital
N156;le corps;body
N157;la tête;head
N158;le visage;face
N159;l'œil;eye
N160;le nez;nose
N161;la bouche;mouth
N162;l'oreille;ear
N163;le cou;neck
N164;l'épaule;shoulder
N165;la main;hand
N166;le doigt;finger
N167;le pied;foot
N168;le sang;blood
N169;le vêtement;clothes
N170;la chemise;shirt
N171;le pantalon;pants / trousers
N172;la robe;dress
N173;la jupe;skirt
N174;la chaussure;shoe
N175;le chapeau;hat
N176;le sac;bag
N177;la montre;watch
N178;l'animal;animal
N179;le chien;dog
N180;le chat;cat
N181;le cheval;horse
N182;la vache;cow
N183;l'oiseau;bird
N184;le lion;lion
N185;l'éléphant;elephant
N186;la forêt;forest
N187;le jardin;garden
N188;le ciel;sky
N189;le nuage;cloud
N190;la pluie;rain
N191;la neige;snow
N192;le feu;fire
N193;la lumière;light
N194;l'ombre;shadow
N195;le jour;day
N196;la nuit;night
N197;le matin;morning
N198;la semaine;week
N199;l'année;year
N200;le siècle;century
N201;la seconde;second
N202;la minute;minute
N203;l'heure;hour
N204;la fête;party / celebration
N205;le cadeau;gift / present
N206;la musique;music
N207;le film;movie / film
N208;le sport;sport
N209;le football;football / soccer
N210;le jeu;game
N211;le jouet;toy
N212;le voyage;trip / journey
N213;le billet (ticket);ticket
N214;la valise;suitcase / luggage
N215;l'avion;airplane
N216;le train;train
N217;le bateau;boat / ship
N218;le vélo;bicycle / bike
N219;la voiture;car
N220;le bus;bus
N221;la station / gare;station
N222;le port;port / harbor
N223;l'aéroport;airport
N224;l'hôtel;hotel
N225;le restaurant;restaurant
N226;le cinéma;cinema / movies
N227;le théâtre;theater
N228;le musée;museum
N229;la bibliothèque;library
N230;le bureau;office / desk
N231;l'usine;factory
N232;la ferme;farm
N233;le champ;field
N234;la montagne;mountain
N235;la vallée;valley
N236;la rivière;river
N237;le lac;lake
N238;l'océan;ocean
N239;l'île;island
N240;la plage;beach
N241;le sable;sand
N242;la pierre;stone / rock
N243;le métal;metal
N244;l'or;gold
N245;l'argent (métal);silver
N246;le fer;iron
N247;le bois;wood
N248;le plastique;plastic
N249;le verre (matière);glass
N250;le papier;paper
N251;la couleur;color
N252;le rouge;red
N253;le bleu;blue
N254;le vert;green
N255;le jaune;yellow
N256;le noir;black
N257;le blanc;white
N258;le gris;gray
N259;le brun;brown
N260;l'orange (couleur);orange
N261;la forme;shape / form
N262;le cercle;circle
N263;le carré;square
N264;la ligne;line
N265;le coin;corner
N266;le trou;hole
N267;le haut;top
N268;le bas;bottom
N269;le milieu;middle
N270;le devant;front
N271;le derrière;back / behind
N272;la gauche;left
N273;la droite;right
N274;la direction;direction
N275;la distance;distance
N276;la vitesse;speed
N277;la force;force / strength
N278;l'énergie;energy
N279;la chaleur;heat
N280;le froid;cold
N281;la lumière;light
N282;l'obscurité;darkness
N283;le son;sound
N284;la voix;voice
N285;le silence;silence
N286;le goût;taste
N287;l'odeur;smell
N288;le toucher;touch
N289;la pensée;thought
N290;l'idée;idea
N291;l'esprit;mind
N292;la raison;reason
N293;la vérité;truth
N294;le mensonge;lie
N295;le secret;secret
N296;la mémoire;memory
N297;l'espoir;hope
N298;le rêve;dream
N299;la peur;fear
N300;la colère;anger
N301;la joie;joy
N302;la tristesse;sadness
N303;l'amour;love
N304;la haine;hate
N305;le plaisir;pleasure
N306;la douleur;pain / sorrow
N307;le courage;courage
N308;la patience;patience
N309;la confiance;trust / confidence
N310;le respect;respect
N311;la liberté;freedom / liberty
N312;la justice;justice
N313;la paix;peace
N314;la guerre;war
N315;le crime;crime
N316;la prison;prison / jail
N317;la loi;law
N318;le juge;judge
N319;l'avocat;lawyer
N320;le témoin;witness
N321;la preuve;proof / evidence
N322;le choix;choice
N323;la décision;decision
N324;l'action;action
N325;le résultat;result
N326;la cause;cause
N327;l'effet;effect
N328;le but;goal / purpose
N329;le plan;plan
N330;la méthode;method
N331;le moyen;means / way
N332;l'outil;tool
N333;la machine;machine
N334;l'ordinateur;computer
N335;le réseau;network
N336;l'internet;internet
N337;le site web;website
N338;le message;message
N339;l'information;information
N340;la connaissance;knowledge
N341;la science;science
N342;la technologie;technology
N343;l'art;art
N344;la culture;culture
N345;la religion;religion
N346;le dieu;god
N347;l'église;church
N348;le temple;temple
N349;la prière;prayer
N350;l'esprit;spirit
N351;la nature;nature
N352;l'environnement;environment
N353;le climat;climate
N354;la pollution;pollution
N355;le déchet;waste / trash
N356;le recyclage;recycling
N357;l'espace;space
N358;la planète;planet
N359;l'étoile;star
N360;l'univers;universe
N361;la vie;life
N362;l'être humain;human being
N363;la population;population
N364;la société;society
N365;la communauté;community
N366;la famille;family
N367;l'individu;individual
N368;la personne;person
N369;le nom;name
N370;le prénom;first name
N371;le nom de famille;last name / surname
N372;l'adresse;address
N373;l'âge;age
N374;la date;date
N375;la naissance;birth
N376;le mariage;marriage / wedding
N377;le divorce;divorce
N378;l'éducation;education
N379;la formation;training
教程N380;le diplôme;diploma / degree
N381;la carrière;career
N382;l'emploi;job / employment
N383;le chômage;unemployment
N384;le salaire;salary / wages
N385;la retraite;retirement
N386;l'économie;economy
N387;le marché;market
N388;le prix;price
N389;le coût;cost
N390;la dépense;expense / spending
N391;l'investissement;investment
N392;la banque;bank
N393;la carte de crédit;credit card
N394;la monnaie;currency / coin
N395;l'euro;euro
N396;la richesse;wealth
N397;la pauvreté;poverty
N398;la crise;crisis
N399;le commerce;trade / commerce
N400;l'entreprise;company / business
N401;le produit;product
N402;la qualité;quality
N403;la quantité;quantity
N404;la marque;brand
N405;la publicité;advertising / advertisement
N406;le client;customer / client
N407;le consommateur;consumer
N408;le service;service
N409;le transport;transport / transportation
N410;le stockage;storage
N411;la livraison;delivery
N412;le contrat;contract
N413;l'accord;agreement
N414;la réunion;meeting
V415;le projet;project
N416;le rapport;report
N417;la gestion;management
N418;l'organisation;organization
N419;la structure;structure
N420;le processus;process
N421;la méthode;method
N422;la technique;technique
N423;le matériel;material / hardware
N424;l'équipement;equipment
N425;l'outil;tool
N426;l'instrument;instrument
N427;l'appareil;device / appliance
N428;la machine;machine
N429;le moteur;engine / motor
N430;l'énergie;energy
N431;l'électricité;electricity
N432;le courant;current
N433;le carburant;fuel
N434;la ressource;resource
N435;la matière première;raw material
N436;l'industrie;industry
N437;la production;production
N438;la construction;construction
N439;l'architecture;architecture
N440;le design;design
N441;l'art;art
N442;la peinture;painting
N443;la sculpture;sculpture
N444;la littérature;literature
N445;la poésie;poetry
N446;le théâtre;theater
N447;la danse;dance
N448;le chant;singing
N449;le divertissement;entertainment
N450;le loisir;leisure
N451;le temps libre;free time
N452;le jeu;game
N453;le sport;sport
N454;l'exercice;exercise
N455;la santé;health
N456;le bien-être;well-being
N457;la nourriture;food
N458;la boisson;drink / beverage
N459;la cuisine;cooking / kitchen
N460;la recette;recipe
N461;l'ingrédient;ingredient
N462;le goût;taste / flavor
N463;l'odeur;smell
N464;la sensation;sensation
N465;le sentiment;feeling
N466;l'émotion;emotion
N467;la pensée;thought
N468;l'opinion;opinion
N469;la croyance;belief
N470;la valeur;value
N471;la norme;norm / standard
N472;la règle;rule
N473;le principe;principle
N474;l'habitude;habit
N475;la coutume;custom
N476;la tradition;tradition
N477;la mode;fashion
N478;le style;style
N479;l'image;image
N480;le symbole;symbol
N481;le signe;sign
N482;le signal;signal
N483;la communication;communication
N484;le langage;language
N485;la conversation;conversation
N486;le dialogue;dialogue
N487;la discussion;discussion
N488;le débat;debate
N489;le discours;speech
N490;le texte;text
N491;le paragraphe;paragraph
N492;la phrase;sentence
N493;le mot;word
N494;la lettre;letter
N495;le caractère;character
N496;le chiffre;digit / figure
N497;le nombre;number
N498;la mesure;measurement
N499;la dimension;dimension
N500;la taille;size
N501;le poids;weight
N502;la distance;distance
N503;la surface;surface / area
N504;le volume;volume
N505;la forme;shape
N506;la structure;structure
N507;le contenu;content
N508;le contenant;container
N509;l'objet;object
N510;la chose;thing
N511;l'élément;element
N512;la partie;part
N513;le morceau;piece
N514;le reste;rest / remainder
N515;le total;total
N516;la somme;sum / amount
N517;la différence;difference
N518;le changement;change
N519;le développement;development
N520;le progrès;progress
N521;l'évolution;evolution
N522;la croissance;growth
N523;la baisse;decrease / drop
N524;la crise;crisis
N525;le problème;problem
N526;la solution;solution
N527;l'opportunité;opportunity
N528;le risque;risk
N529;le danger;danger
N530;la sécurité;security / safety
N531;la protection;protection
N532;le soutien;support
N533;l'aide;help / aid
N534;la coopération;cooperation
N535;le conflit;conflict
N536;la lutte;struggle / fight
N537;la victoire;victory
N538;la défaite;defeat
N539;l'échec;failure
N540;le succès;success
N541;la gloire;glory
N542;l'honneur;honor
N543;la responsabilité;responsibility
N544;le devoir;duty
N545;le droit;right
N546;la liberté;freedom
N547;l'égalité;equality
N548;la justice;justice
N549;la morale;morals
N550;l'éthique;ethics
N551;la religion;religion
N552;la spiritualité;spirituality
N553;la philosophie;philosophy
N554;la psychologie;psychology
N555;la sociologie;sociology
N556;l'histoire;history
N557;la géographie;geography
N558;la politique;politics
N559;le gouvernement;government
N560;l'état;state
N561;la nation;nation
N562;la patrie;homeland
N563;le pays;country
N564;la région;region
N565;la province;province
N566;la ville;city
N567;le village;village
N568;la commune;municipality
N569;le quartier;neighborhood / district
N570;la rue;street
N571;le bâtiment;building
N572;la maison;house
N573;l'appartement;apartment
N574;le logement;housing / accommodation
N575;la chambre;room / bedroom
N576;la salle;room / hall
N577;le salon;living room
N578;la cuisine;kitchen
N579;la salle de bain;bathroom
N580;le jardin;garden
N581;la cour;courtyard / yard
N582;le garage;garage
N583;le toit;roof
N584;le mur;wall
N585;le sol;floor / ground
N586;la porte;door
N587;la fenêtre;window
N588;l'escalier;stairs
N589;l'ascenseur;elevator / lift
N590;le meuble;furniture
N591;la table;table
N592;la chaise;chair
N593;le canapé;sofa / couch
N594;le lit;bed
N595;l'armoire;wardrobe / closet
N596;l'étagère;shelf
N597;la lampe;lamp
N598;le tapis;carpet / rug
N599;le rideau;curtain
N600;le miroir;mirror
N601;le tableau;painting / board
N602;l'horloge;clock / watch
N603;la vaisselle;dishes
N604;l'assiette;plate
N605;le verre (récipient);glass
N606;la tasse;cup
N607;le couteau;knife
N608;la fourchette;fork
N609;la cuillère;spoon
N610;la bouteille;bottle
N611;la casserole;pan / pot
N612;le four;oven
N613;le réfrigérateur;refrigerator / fridge
N614;la machine à laver;washing machine
N615;le téléphone;phone
N616;la télévision;television / TV
N617;la radio;radio
N618;le journal;newspaper
N619;le magazine;magazine
N620;la publicité;advertisement / ad
N621;le courrier;mail
N622;la lettre;letter
N623;le colis;package / parcel
N624;l'ordinateur;computer
N625;le clavier;keyboard
N626;la souris (informatique);mouse
N627;l'écran;screen
N628;l'imprimante;printer
N629;le logiciel;software
N630;le fichier;file
N631;le dossier;folder
N632;l'internet;internet
N633;le site web;website
N634;le mot de passe;password
N635;le compte;account
N636;le réseau;network
N637;la connexion;connection
N638;la technologie;technology
N639;l'appareil;device / apparatus
N640;le jouet;toy
N641;l'outil;tool
N642;la boîte;box
N643;le sac;bag
N644;la valise;suitcase
N645;le parapluie;umbrella
N646;les lunettes;glasses
N647;le bijou;jewelry
N648;la bague;ring
N649;le collier;necklace
N650;la montre;watch
N651;l'argent;money
N652;le portefeuille;wallet
N653;le prix;price
N654;le coût;cost
N655;la facture;invoice / bill
N656;le reçu;receipt
N657;le marché;market
N658;le magasin;shop / store
N659;le supermarché;supermarket
N660;le centre commercial;mall / shopping center
N661;le produit;product
N662;l'achat;purchase
N663;la vente;sale
N664;le client;customer
N665;le vendeur;seller / salesman
N666;le service;service
N667;la file d'attente;queue / line
N668;le choix;choice
N669;la qualité;quality
N670;la marque;brand
N671;la mode;fashion
N672;le vêtement;clothing
N673;la taille (vêtement);size
N674;la couleur;color
N675;le style;style
N676;la beauté;beauty
N677;l'apparence;appearance
N678;le caractère;character
N679;la personnalité;personality
N680;l'intelligence;intelligence
N681;la sagesse;wisdom
N682;la connaissance;knowledge
N683;l'éducation;education
N684;l'apprentissage;learning
N685;l'étude;study
N686;l'école;school
N687;l'université;university
N688;le cours;course / class
N689;la leçon;lesson
N690;l'exercice;exercise
N691;l'examen;exam
N692;la note (école);grade / mark
N693;le diplôme;diploma
N694;la recherche;research
N695;la science;science
N696;le scientifique;scientist
N697;la découverte;discovery
N698;l'invention;invention
N699;la théorie;theory
N700;la preuve;proof / evidence
N701;le fait;fact
N702;la vérité;truth
N703;la réalité;reality
N704;l'imagination;imagination
N705;la créativité;creativity
N706;l'art;art
N707;l'artiste;artist
N708;le musée;museum
N709;l'exposition;exhibition
N710;la peinture;painting
N711;la photo;photo / picture
N712;le film;movie / film
N713;le cinéma;cinema
N714;la musique;music
N715;la chanson;song
N716;le concert;concert
N717;le théâtre;theater
N718;la pièce (théâtre);play
N719;l'acteur;actor
N720;le public;audience / public
N721;le loisir;leisure
N722;le passe-temps;hobby
N723;le sport;sport
N724;l'équipe;team
N725;le match;match / game
N726;le stade;stadium
N727;le joueur;player
N728;l'entraîneur;coach / trainer
N729;la victoire;victory
N730;la défaite;defeat
N731;le voyage;travel / trip
N732;le touriste;tourist
N733;le guide;guide
N734;la carte (géo);map
N735;la destination;destination
N736;les vacances;vacation / holidays
N737;l'aventure;adventure
N738;la nature;nature
N739;le paysage;landscape
N740;la montagne;mountain
N741;la forêt;forest
N742;la plage;beach
N743;la mer;sea
N744;l'océan;ocean
N745;l'île;island
N746;le lac;lake
N747;le fleuve;river
N748;le désert;desert
N749;la campagne;countryside
N750;la ville;city
N751;le centre-ville;city center / downtown
N752;la banlieue;suburbs
N753;la place;square / place
N754;le parc;park
N755;le pont;bridge
N756;le monument;monument
N757;le bâtiment;building
N758;la tour;tower
N759;le château;castle
N760;l'église;church
N761;la cathédrale;cathedral
N762;le temple;temple
N763;la mosquée;mosque
N764;le cimetière;cemetery
N765;la mairie;city hall / town hall
N766;le palais;palace
N767;la police;police
N768;la prison;prison
N769;l'hôpital;hospital
N770;la pharmacie;pharmacy / drugstore
N771;le travail;work / job
N772;le bureau;office
N773;l'usine;factory
N774;le métier;trade / profession
N775;la profession;profession
N776;le collègue;colleague
N777;le patron;boss
N778;l'employé;employee
N779;le chômage;unemployment
N780;la retraite;retirement
N781;l'argent;money
N782;le salaire;salary
N783;l'impôt;tax
N784;la banque;bank
N785;le compte;account
N786;l'économie;economy
N787;la politique;politics
N788;le gouvernement;government
N789;l'état;state
N790;la nation;nation
N791;le pays;country
N792;le citoyen;citizen
N793;le droit;right
N794;la loi;law
N795;la liberté;freedom
N796;la paix;peace
N797;la guerre;war
N798;l'armée;army
N799;le drapeau;flag
N800;le monde;world
N801;la société;society
N802;le membre;member
N803;le partenaire;partner
N804;le contact;contact
N805;la relation;relationship
N806;l'amitié;friendship
N807;l'amour;love
N808;le mariage;marriage
N809;la famille;family
N810;les parents;parents
N811;l'enfant;child
N812;le fils;son
N813;la fille;daughter
N814;le frère;brother
N815;la sœur;sister
N816;le voisin;neighbor
N817;l'étranger;foreigner
N818;l'invité;guest
N819;la rencontre;meeting / encounter
N820;la réunion;meeting
N821;le groupe;group
N822;la foule;crowd
N823;le peuple;people
N824;la population;population
N825;l'individu;individual
N826;la personne;person
N827;le nom;name
N828;le prénom;first name
N829;le nom de famille;last name
N830;l'adresse;address
N831;le numéro de téléphone;phone number
N832;l'âge;age
N833;la date de naissance;date of birth
N834;le lieu de naissance;place of birth
N835;la nationalité;nationality
N836;le sexe;sex / gender
N837;l'état civil;marital status
N838;la profession;profession
N839;l'éducation;education
N840;la religion;religion
N841;la langue maternelle;native language
N842;le temps;time
N843;la période;period
N844;l'époque;era / age
N845;le siècle;century
N846;l'année;year
N847;la saison;season
N848;le mois;month
N849;la semaine;week
N850;le jour;day
N851;la date;date
N852;le matin;morning
N853;le midi;noon
N854;l'après-midi;afternoon
N855;le soir;evening
N856;la nuit;night
N857;l'heure;hour
N858;la minute;minute
N859;la seconde;second
N860;le moment;moment
N861;le passé;past
N862;le présent;present
N863;le futur;future
N864;le début;beginning
N865;le milieu;middle
N866;la fin;end
N867;le retard;delay
N868;l'avance;advance
N869;la durée;duration
N870;la fréquence;frequency
N871;l'occasion;occasion
N872;la météo;weather
N873;la température;temperature
N874;le degré;degree
N875;le soleil;sun
N876;la pluie;rain
N877;la neige;snow
N878;le vent;wind
N879;l'orage;storm
N880;le nuage;cloud
N881;le ciel;sky
N882;la terre;earth
N883;la lune;moon
N884;l'étoile;star
N885;l'univers;universe
N886;la nature;nature
N887;l'animal;animal
N888;la plante;plant
N889;l'arbre;tree
N890;la fleur;flower
N891;l'herbe;grass
N892;la mer;sea
N893;l'océan;ocean
N894;la rivière;river
N895;le lac;lake
N896;la montagne;mountain
N897;la colline;hill
N898;la vallée;valley
N899;la forêt;forest
N900;le désert;desert
N901;la pierre;stone
N902;le sable;sand
N903;le métal;metal
N904;le bois;wood
N905;le plastique;plastic
N906;le verre;glass
N907;le papier;paper
N908;le tissu;fabric / cloth
N909;la matière;matter / material
N910;le gaz;gas
N911;le liquide;liquid
N912;le solide;solid
N913;la couleur;color
N914;la forme;shape
N915;la taille;size
N916;le poids;weight
N917;la mesure;measure
N918;la quantité;quantity
N919;le nombre;number
N920;la moitié;half
N921;le quart;quarter
N922;le tiers;third
N923;le double;double
N924;le total;total
N925;la somme;sum
N926;le reste;rest / remainder
N927;la différence;difference
N928;le changement;change
N929;le mouvement;movement
N930;la vitesse;speed
N931;la force;force
N932;l'énergie;energy
N933;la puissance;power
N934;la chaleur;heat
N935;le froid;cold
N936;la lumière;light
N937;l'obscurité;darkness
N938;le son;sound
N939;le bruit;noise
N940;le silence;silence
N941;l'odeur;smell
N942;le goût;taste
N943;la sensation;sensation
N944;la douleur;pain
N945;la santé;health
N946;la maladie;disease
N947;le symptôme;symptom
N948;le traitement;treatment
N949;le médicament;medicine
N950;l'hôpital;hospital
N951;le médecin;doctor
N952;le patient;patient
N953;le corps;body
N954;la tête;head
N955;le visage;face
N956;l'œil;eye
N957;le nez;nose
N958;la bouche;mouth
N959;l'oreille;ear
N960;le cou;neck
N961;le bras;arm
N962;la main;hand
N963;le doigt;finger
N964;la jambe;leg
N965;le pied;foot
N966;le sang;blood
N967;le cœur;heart
N968;le cerveau;brain
N969;l'esprit;mind
N970;l'âme;soul
N971;la pensée;thought
N972;la mémoire;memory
N973;l'idée;idea
N974;la connaissance;knowledge
N975;l'intelligence;intelligence
N976;la raison;reason
N977;la vérité;truth
N978;le mensonge;lie
N979;le doute;doubt
N980;la certitude;certainty
N981;le secret;secret
N982;l'opinion;opinion
N983;la décision;decision
N984;le choix;choice
N985;l'action;action
N986;le comportement;behavior
N987;l'habitude;habit
N988;la règle;rule
N989;la loi;law
N990;le droit;right
N991;le devoir;duty
N992;la justice;justice
N993;la paix;peace
N994;la guerre;war
N995;le conflit;conflict
N996;le succès;success
N997;l'échec;failure
N998;la chance;luck
N999;le risque;risk
N1000;le danger;danger
N1001;la sécurité;security
N1002;le soutien;support
N1003;l'aide;aid / help
N1004;le cadeau;gift
N1005;le plaisir;pleasure
N1006;le bonheur;happiness
N1007;l'espoir;hope
N1008;le rêve;dream
N1009;le but;goal / aim
N1010;le plan;plan
N1011;le projet;project
N1012;le système;system
N1013;le modèle;model
N1014;la structure;structure
N1015;l'organisation;organization
N1016;le membre;member
N1017;le groupe;group
N1018;la catégorie;category
N1019;le type;type
N1020;la sorte;sort / kind
N1021;la forme;shape
N1022;le style;style
N1023;la mode;fashion
N1024;l'image;image
N1025;le tableau;painting / board
N1026;le signe;sign
N1027;le symbole;symbol
N1028;la marque;brand
N1029;le signal;signal
N1030;le son;sound
N1031;la voix;voice
N1032;le bruit;noise
N1033;le silence;silence
N1034;la lumière;light
N1035;l'ombre;shadow
N1036;la chaleur;heat
N1037;le froid;cold
N1038;le vent;wind
N1039;la pluie;rain
N1040;la neige;snow
N1041;le feu;fire
N1042;la fumée;smoke
N1043;la poussière;dust
N1044;l'air;air
N1045;le gaz;gas
N1046;l'eau;water
N1047;la mer;sea
N1048;le lac;lake
N1049;la rivière;river
N1050;la terre;earth / ground
N1051;la pierre;stone
N1052;le sable;sand
N1053;le métal;metal
N1054;le fer;iron
N1055;l'or;gold
N1056;l'argent (matière);silver
N1057;le bois;wood
N1058;le plastique;plastic
N1059;le verre (matière);glass
N1060;le papier;paper
N1061;le tissu;fabric
N1062;le vêtement;clothing
N1063;la chaussure;shoe
N1064;le sac;bag
N1065;la poche;pocket
N1066;le portefeuille;wallet
N1067;la montre;watch
N1068;le bijou;jewelry
N1069;l'outil;tool
N1070;la machine;machine
N1071;l'ordinateur;computer
N1072;le téléphone;phone
N1073;le réseau;network
N1074;l'internet;internet
N1075;le site web;website
N1076;le message;message
N1077;la lettre;letter
N1078;le journal;newspaper
N1079;le livre;book
N1080;le stylo;pen
N1081;le papier;paper
N1082;la question;question
N1083;la réponse;answer
N1084;le mot;word
N1085;la phrase;sentence
N1086;la langue;language
N1087;l'histoire;history
N1088;la nouvelle;news
N1089;le fait;fact
N1090;la vérité;truth
N1091;le mensonge;lie
N1092;le secret;secret
N1093;le domicile;home / residence
N1094;l'affaire;business / case
N1095;la certitude;certainty
N1096;l'émetteur;transmitter / sender
N1097;le nerf;nerve
N1098;le six;six
N1099;le siège;seat
N1100;l'âme;soul
N1101;le côté;side
N1102;la séance;session
N1103;la recherche;search / research
N1104;l'été;summer
N1105;le soleil;sun
N1106;le fils;son