id;fr;es
A1;aimable / gentil;amable / gentil
A2;absolu / absolument;absoluto / absolutamente
A3;actuel;actual
A4;général;general
A5;autre;otro
A6;pauvre;pobre
A7;peureux / effrayé;miedoso / asustado
A8;de base;de base
A9;connu;conocido
A10;important;importante
A11;poli;educado / cortés
A12;curieux (de savoir);curioso
A13;déterminé / certain;determinado / cierto
A14;prêt / disposé;listo / dispuesto
A15;célèbre;famoso / célebre
A16;disponible;disponible
A17;meilleur;mejor
A18;impliqué / concerné;implicado / afectado
A19;occupé;ocupado
A20;particulier / spécial;particular / especial
A21;bleu;azul
A22;content;contento
A23;aveugle;ciego
A24;large;ancho
A25;brun / marron;marrón
A26;étranger;extranjero
A27;commercial;comercial
A28;complet;completo
A29;concret;concreto
A30;continu;continuo
A31;culturel;cultural
A32;quotidien;diario / cotidiano
A33;cher;caro
A34;épais / gros;grueso / gordo
A35;mort;muerto
A36;profond;profundo
A37;direct;directo
A38;propre;limpio / propio
A39;étourdi / vertigineux;aturdido / vertiginoso
A40;sombre;oscuro
A41;sec;seco
A42;double;doble
A43;clair;claro
A44;un de ces;uno de esos
A45;propre;propio
A46;réel / vraiment;real / de verdad
A47;honnête;honesto / honrado
A48;simple;sencillo / simple
A49;extraordinaire;extraordinario
A50;physique;físico
A51;fin;fino
A52;financier;financiero
A53;frisquet / frais;fresco
A54;jaune;amarillo
A55;entier / tout;entero / todo
A56;heureux;feliz
A57;commun / général;común / general
A58;conviendrait;conveniente
A59;grand;grande
A60;gris;gris
A61;vert;verde
A62;bon;bueno
A63;moitié;mitad
A64;dur / difficile;duro / difícil
A65;haut;alto
A66;actuel;actual
A67;identique;idéntico
A68;intéressant;interesante
A69;international;internacional
A70;froid;frío
A71;petit;pequeño
A72;court;corto
A73;prêt;listo
A74;bas;bajo
A75;long;largo
A76;lent;lento
A77;délicieux;delicioso
A78;léger;ligero
A79;l'un;el uno
A80;social;social
A81;moral;moral
A82;gentil / mignon;lindo / tierno
A83;humide;húmedo
A84;utile;útil
A85;proche / suivant;cercano / próximo
A86;national;nacional
A87;naturel;natural
A88;nécessaire;necesario
A89;négatif;negativo
A90;nouveau;nuevo
A91;bas;bajo
A92;curieux / bizarre;curioso / raro
A93;officiel;oficial
A94;inconnu;desconocido
A95;faux / injuste;falso / injusto
A101;immédiat;inmediato
A102;original;original
A103;public;público
A104;parfait;perfecto
A105;personnel;personal
A106;politique;político
A107;populaire;popular
A108;positif;positivo
A109;précis;preciso
A110;joli;bonito / lindo
A111;principal;principal
A112;privé;privado
A113;professionnel;profesional
A114;rare;raro
A115;raisonnable;razonable
A116;droit;derecho
A117;riche;rico
A118;rouge;rojo
A119;rond;redondo
A120;calme;tranquilo / calma
A121;sûr;seguro
A122;mauvais;malo
A123;grave;grave
A124;rapide;rápido
A125;étroit;estrecho
A126;social;social
A127;spécial;especial
A128;sportif;deportivo
A129;technique;técnico
A130;contre;contra
A131;satisfait;satisfecho
A132;ensemble;juntos
A133;total;total
A134;triste;triste
A135;typique;típico
A136;complet;completo
A137;bas;bajo
A138;vaste;vasto / amplio
A139;fixe;fijo
A140;sûr;seguro / cierto
A141;lointain;lejano
A142;fatigué;cansado
A143;différent;diferente
A144;raisonnable / sage;razonable / sensato
A145;ensuite;luego / después
A146;sale;sucio
A147;rapide / vite;rápido
A148;plein;lleno
A149;suffisant;suficiente
A150;suivant;siguiente
A151;complet / complètement;completo / completamente
A152;pour / devant;para / delante
A153;surtout;sobre todo
A154;provisoire;provisional
A155;ancien / ex-;antiguo / ex
A156;prudent;prudente
A157;précédent;anterior
A158;libre / assez;libre / bastante
A159;étrange / étranger;extraño / extranjero
A160;amical / aimable;amistoso / amable
A161;tôt;temprano
A162;joyeux;alegre
A163;vrai;verdadero
A164;probable;probable
A165;éveillé;despierto
A166;chaud;caliente
A167;peu;poco
A168;réel / vraiment;real / realmente
A169;scientifique;científico
A170;sage;sabio
A171;sauvage;salvaje
A172;blanc;blanco
A173;noir;negro
A174;lourd;pesado
A175;propre / lui-même;propio / mismo
A176;soi-même;sí mismo
A177;vif / vivant;vivo
A178;ensoleillé;soleado
A179;salé;salado
A180;sucré;dulce